Title,Author,Ave_rating,Rating_cnt,Review_cnt,Year,Pages,Publisher
The Lightning Thief,Rick Riordan,4.24,1681546,52524,2006,377,Disney Hyperion Books
Harry Potter and the Sorcerer's Stone,J.K. Rowling,4.46,5849098,94003,1997,320,Scholastic Inc
Harry Potter and the Chamber of Secrets,J.K. Rowling,4.41,2267965,43326,1999,341,Arthur A. Levine Books / Scholastic Inc.
Wonder,R.J. Palacio,4.45,577657,59596,2012,315,Alfred A. Knopf
The Sea of Monsters,Rick Riordan,4.24,633376,23028,2006,279,Hyperion Books
Harry Potter and the Prisoner of Azkaban,J.K. Rowling,4.55,2316208,45509,2004,435,Scholastic Inc.
The Titan's Curse,Rick Riordan,4.35,582809,17750,2007,320,Puffin Books
The Battle of the Labyrinth,Rick Riordan,4.39,613725,16262,2008,361,Hyperion Books for Children
The Last Olympian,Rick Riordan,4.51,569812,20025,2009,381,Disney-Hyperion Books
A Wrinkle in Time,Madeleine L'Engle,4.01,868790,31040,2017,218,Square Fish
The Bad Beginning,Lemony Snicket,3.93,343045,15095,1999,176,"Scholastic, Inc."
Harry Potter and the Goblet of Fire,J.K. Rowling,4.55,2168131,38251,2002,734,Scholastic
Harry Potter and the Order of the Phoenix,J.K. Rowling,4.49,2122600,35118,2004,870,Scholastic Inc.
Holes,Louis Sachar,3.95,859469,18226,2000,233,Scholastic
The Giver,Lois Lowry,4.12,1512443,60013,2006,208,Ember
Harry Potter and the Deathly Hallows,J.K. Rowling,4.63,2202522,58728,2007,759,Arthur A. Levine Books / Scholastic Inc.
Harry Potter and the Half-Blood Prince,J.K. Rowling,4.56,2070718,33240,2006,652,Scholastic Inc.
The Graveyard Book,Neil Gaiman,4.13,383743,27833,2008,307,HarperCollins
Coraline,Neil Gaiman,4.05,408705,16989,2006,162,William Morrow Paperbacks
"The Lion, the Witch and the Wardrobe",C.S. Lewis,4.21,1864039,18306,2005,206,HarperCollins Publishers
The Girl Who Drank the Moon,Kelly Barnhill,4.19,31430,6405,2016,388,Algonquin Young Readers
The Lost Hero,Rick Riordan,4.35,546758,19403,2010,557,Disney-Hyperion Books
The One and Only Ivan,Katherine Applegate,4.26,107512,12245,2012,307,HarperCollins
When You Reach Me,Rebecca Stead,4.08,77276,10811,2009,199,Wendy Lamb Books
The School for Good and Evil,Soman Chainani,4.01,50987,6064,2018,544,HarperCollins; Reprint edition
Bridge to Terabithia,Katherine Paterson,3.99,392815,10916,2009,190,HarperCollins
Ella Enchanted,Gail Carson Levine,3.98,365071,9437,1998,232,Scholastic Books
Matilda,Roald Dahl,4.3,517432,13665,1998,240,Puffin Books
George,Alex Gino,4.04,22434,4549,2015,213,Scholastic Inc.
The War That Saved My Life,Kimberly Brubaker Bradley,4.49,40485,6783,2015,316,Dial Books
Charlotte's Web,E.B. White,4.16,1239428,15590,2001,184,HarperCollinsPublishers
The Reptile Room,Lemony Snicket,3.98,161884,5907,1999,192,"Scholastic, Inc."
Nevermoor: The Trials of Morrigan Crow,Jessica  Townsend,4.4,16365,3552,2017,465,"Little, Brown Books for Young Readers"
Artemis Fowl,Eoin Colfer,3.84,441681,9731,2003,396,Disney-Hyperion
City of Ghosts,Victoria Schwab,3.96,16171,3586,2018,272,Scholastic
The Red Pyramid,Rick Riordan,4.08,277898,12052,2010,516,Disney-Hyperion
The Son of Neptune,Rick Riordan,4.44,360758,13854,2011,521,Disney-Hyperion Books
The Iron Trial,Holly Black,3.95,53209,6239,2014,295,Scholastic Press
The Sword of Summer,Rick Riordan,4.26,120798,10909,2015,491,Disney - Hyperion Books
The Mark of Athena,Rick Riordan,4.46,393941,14801,2012,586,Disney-Hyperion Books
The Mysterious Benedict Society,Trenton Lee Stewart,4.15,108389,9408,2008,497,"Little, Brown Books for Young Readers"
The Invention of Hugo Cabret,Brian Selznick,4.24,147859,14234,2007,525,Scholastic Press
Brown Girl Dreaming,Jacqueline Woodson,4.14,50630,7520,2014,337,Nancy Paulsen Books
Number the Stars,Lois Lowry,4.13,387206,11961,1998,137,Laurel Leaf
Furthermore,Tahereh Mafi,3.93,10036,2641,2016,406,Dutton Books for Young Readers
The Wide Window,Lemony Snicket,3.93,142125,4369,2000,214,HarperCollins Publishers
The House of Hades,Rick Riordan,4.55,215164,13216,2013,597,Disney-Hyperion Books
A Monster Calls,Patrick Ness,4.37,170769,30027,2015,237,Walker Books
The Hidden Oracle,Rick Riordan,4.28,78959,8954,2016,376,Disney-Hyperion
Pax,Sara Pennypacker,4.04,22210,3961,2016,224,Balzer + Bray
Charlie and the Chocolate Factory,Roald Dahl,4.12,569540,10160,2005,176,Puffin Books
From the Mixed-Up Files of Mrs. Basil E. Frankweiler,E.L. Konigsburg,4.15,163268,6255,2003,178,Walker Books Ltd
Doll Bones,Holly Black,3.69,21861,3662,2013,244,Margaret K. McElderry Books
The Blood of Olympus,Rick Riordan,4.42,159980,13790,2014,516,Disney-Hyperion Books
El Deafo,Cece Bell,4.19,41447,5125,2014,233,Harry N. Abrams
The Westing Game,Ellen Raskin,4.02,142294,9297,2004,182,Puffin
The Girl Who Circumnavigated Fairyland in a Ship of Her Own Making,Catherynne M. Valente,3.98,32302,5204,2011,247,Feiwel &amp; Friends
The Miserable Mill,Lemony Snicket,3.85,124724,3614,2000,194,"Scholastic, Inc."
Because of Winn-Dixie,Kate DiCamillo,4.03,178266,7806,2001,182,Candlewick Press
The Secret Garden,Frances Hodgson Burnett,4.13,784603,15572,1998,331,Children's Classics
Flora & Ulysses: The Illuminated Adventures,Kate DiCamillo,3.88,33528,5084,2013,233,Candlewick Press
Ghost,Jason Reynolds,4.19,18227,3197,2016,192,Atheneum/Caitlyn Dlouhy Books
Aru Shah and the End of Time,Roshani Chokshi,4.11,6772,1612,2018,355,Rick Riordan Presents
The Tale of Despereaux,Kate DiCamillo,4.03,142128,9223,2008,267,Candlewick Press
Inkheart,Cornelia Funke,3.87,327282,11148,2005,548,Scholastic Paperbacks
Counting by 7s,Holly Goldberg Sloan,4.16,49993,6973,2013,380,Dial Books
The Austere Academy,Lemony Snicket,3.99,118150,3372,2000,221,HarperCollins Publishers
Escape from Mr. Lemoncello's Library,Chris Grabenstein,4.13,31025,4873,2013,304,Random House Books for Young Readers
The Golden Compass,Philip Pullman,3.96,1125082,17774,1996,399,Alfred A. Knopf Books for Young Readers
The False Prince,Jennifer A. Nielsen,4.23,62906,8274,2012,342,Scholastic
Tuck Everlasting,Natalie Babbitt,3.87,202005,8252,1985,139,Farrar Straus Giroux
The City of Ember,Jeanne DuPrau,3.86,222781,10385,2003,270,Yearling Books
Anne of Green Gables,L.M. Montgomery,4.24,619822,17898,2003,320,Signet Book
The Magician's Nephew,C.S. Lewis,4.03,350341,10689,2005,221,HarperCollins Publishers
Echo,Pam Muñoz Ryan,4.37,24477,5094,2015,587,Scholastic Press
Princess Academy,Shannon Hale,4.02,93518,8225,2007,314,Bloomsbury Publishing PLC
Roller Girl,Victoria Jamieson,4.31,32059,3527,2015,240,Dial Books
The Ersatz Elevator,Lemony Snicket,4.03,110539,2974,2001,259,HarperCollins Publishers 
The Phantom Tollbooth,Norton Juster,4.21,213465,9109,1996,256,Random House Bullseye Books
Howl's Moving Castle,Diana Wynne Jones,4.3,170207,11523,2001,329,Harper Trophy
Ghosts,Raina Telgemeier,4.22,45293,3815,2016,256,Graphix
Diary of a Wimpy Kid,Jeff Kinney,3.97,330282,15626,2007,217,Amulet Books
Smile,Raina Telgemeier,4.22,133833,8492,2010,224,Scholastic/Graphix
The Wishing Spell,Chris Colfer,4.22,78955,6617,2012,438,"Little, Brown Young Readers"
"Hello, Universe",Erin Entrada Kelly,3.95,9453,1939,2017,320,Greenwillow Books
Inside Out & Back Again,Thanhha Lai,4.11,34595,5489,2011,262,HarperCollins
Out of My Mind,Sharon M. Draper,4.38,87119,12205,2010,295,Atheneum Books for Young Readers
The Vile Village,Lemony Snicket,3.95,108798,2544,2001,272,HarperCollins Publishers 
The Thing About Jellyfish,Ali Benjamin,4.08,20630,3285,2015,352,"Little, Brown Books for Young Readers"
Serafina and the Black Cloak,Robert  Beatty,3.93,20816,3266,2015,293,Disney•Hyperion
The Wild Robot,Peter  Brown,4.11,16073,2769,2016,279,"Little, Brown Books for Young Readers"
Island of the Blue Dolphins,Scott O'Dell,3.82,264598,7567,2010,194,HMH Books for Young Readers
Hatchet,Gary Paulsen,3.7,266207,12570,2000,208,Atheneum Books for Young Readers: Richard Jackson Books
Fablehaven,Brandon Mull,4.09,116891,9290,2006,351,Shadow Mountain
The Crossover,Kwame Alexander,4.25,32996,6040,2014,240,Houghton Mifflin
Crenshaw,Katherine Applegate,3.97,17073,2920,2015,256,Feiwel &amp; Friends
The Carnivorous Carnival,Lemony Snicket,3.98,99231,2261,2002,286,HarperCollins Publishers
Drama,Raina Telgemeier,4.17,63705,4873,2012,238,Graphix
Raymie Nightingale,Kate DiCamillo,3.92,13260,2420,2016,272,Candlewick Press
"The Penderwicks: A Summer Tale of Four Sisters, Two Rabbits, and a Very Interesting Boy",Jeanne Birdsall,4.14,41286,4510,2007,262,Yearling
The Hostile Hospital,Lemony Snicket,3.97,88412,2264,2001,272,HarperCollins Publishers 
Wonderstruck,Brian Selznick,4.17,48828,6390,2011,640,Scholastic Press
Liar & Spy,Rebecca Stead,3.81,23427,2427,2012,180,Wendy Lamb Books
Fish in a Tree,Lynda Mullaly Hunt,4.3,29074,4623,2015,288,Nancy Paulsen Books
The BFG,Roald Dahl,4.22,311363,9158,2001,199,Puffin Books
The Throne of Fire,Rick Riordan,4.21,139315,5473,2011,452,Hyperion Books for Children
Wishtree,Katherine Applegate,4.3,14266,2894,2017,224,Feiwel &amp; Friends
The Slippery Slope,Lemony Snicket,4.02,96077,2237,2003,337,HarperCollins Publishers
Wolf Hollow,Lauren Wolk,4.24,14074,2810,2016,304,Dutton Books for Young Readers
The Grim Grotto,Lemony Snicket,4.0,87509,2054,2004,323,HarperCollins Publishers
Gregor the Overlander,Suzanne Collins,4.01,81780,5935,2005,326,Scholastic
Prince Caspian,C.S. Lewis,3.97,305900,5796,2005,240,HarperCollins Publishers
Walk Two Moons,Sharon Creech,3.96,140780,6271,1996,280,HarperTrophy
The Little Prince,Antoine de Saint-Exupéry,4.3,1081850,31598,2000,93,"Harcourt, Inc."
Greenglass House,Kate Milford,3.99,9216,1747,2014,376,Clarion Books
James and the Giant Peach,Roald Dahl,4.0,329976,6063,2002,146,Alfred A. Knopf 
The End,Lemony Snicket,4.0,80143,3935,2006,337,HarperCollins Publishers
The Tales of Beedle the Bard,J.K. Rowling,4.08,359283,13074,2008,109,Bloomsbury
The Penultimate Peril,Lemony Snicket,4.04,80648,2098,2005,353,HarperCollinsPublishers
One Crazy Summer,Rita Williams-Garcia,3.97,24654,3355,2010,224,Amistad
The Witches,Roald Dahl,4.17,269715,6272,1997,208,Scholastic Inc.
The Fourteenth Goldfish,Jennifer L. Holm,3.88,16472,2443,2014,208,Random House Books for Young Readers
Sisters,Raina Telgemeier,4.31,43023,4576,2014,199,Scholastic/Graphix
The Stonekeeper,Kazu Kibuishi,4.15,49168,4346,2008,192,Graphix
The Field Guide,Tony DiTerlizzi,3.89,71464,2960,2003,114,Simon  Schuster Books for Young Readers
"Are You There God? It's Me, Margaret",Judy Blume,3.9,173518,5911,2001,149,Atheneum/Richard Jackson Books
The Night Gardener,Jonathan Auxier,4.06,13117,2320,2014,350,Harry N. Abrams
Liesl & Po,Lauren Oliver,3.84,9074,1665,2011,307,HarperCollins
The Voyage of the Dawn Treader,C.S. Lewis,4.09,359256,5626,2006,248,HarperCollins
The Horse and His Boy,C.S. Lewis,3.91,237175,6039,1995,224,Scholastic Inc
Esperanza Rising,Pam Muñoz Ryan,3.95,59565,5629,2002,304,"Scholastic, Inc."
Front Desk,Kelly Yang,4.4,4350,995,2018,298,Arthur A. Levine Books
Breadcrumbs,Anne Ursu,3.75,10929,1878,2011,312,Walden Pond Press
The Serpent's Shadow,Rick Riordan,4.29,103951,4859,2012,406,Hyperion Books
The Marvels,Brian Selznick,3.96,16032,2571,2015,665,Scholastic Press
"Fortunately, the Milk",Neil Gaiman,4.05,42804,6699,2013,113,HarperCollins
Stargirl,Jerry Spinelli,3.75,268386,13077,2002,186,Scholastic
The Hammer of Thor,Rick Riordan,4.35,50558,5089,2016,459,Disney-Hyperion
Goodbye Stranger,Rebecca Stead,3.93,11079,2036,2015,289,Wendy Lamb Books
Amina's Voice,Hena Khan,3.99,4584,892,2017,208,Salaam Reads / Simon  Schuster Books for Young Readers
The Screaming Staircase,Jonathan Stroud,4.21,26581,3968,2013,440,Doubleday Children’s Books
The Mysterious Howling,Maryrose Wood,3.91,16002,2480,2010,267,HarperCollins
Amal Unbound,Aisha Saeed,4.24,5545,1070,2018,240,Nancy Paulsen Books
Keeper of the Lost Cities,Shannon Messenger,4.46,16500,1969,2012,496,Aladdin
Where the Mountain Meets the Moon,Grace Lin,4.26,31029,4005,2009,282,"Little, Brown and Company Books for Young Readers"
A Snicker of Magic,Natalie Lloyd,4.09,10459,1705,2014,311,Scholastic Press
Where the Red Fern Grows,Wilson Rawls,4.06,307873,9978,2000,272,Yearling
Three Times Lucky,Sheila Turnage,4.02,20560,2519,2012,312,Dial Books
Wildwood,Colin Meloy,3.65,24695,3166,2011,560,Balzer + Bray
Real Friends,Shannon Hale,4.12,12036,1807,2017,224,First Second
The Dreadful Tale of Prosper Redding,Alexandra Bracken,3.9,3540,906,2017,362,Disney-Hyperion
Rain Reign,Ann M. Martin,4.22,16536,2820,2014,226,Feiwel &amp; Friends
The Silver Chair,C.S. Lewis,3.96,208403,4262,2008,243,HarperCollins
A Tale Dark & Grimm,Adam Gidwitz,4.06,20193,3211,2010,256,Dutton Books for Young Readers
Magyk,Angie Sage,3.81,99609,4773,2005,564,"Katherine Tegen, Harper Collins"
Book Scavenger,Jennifer Chambliss Bertman,4.16,8217,1460,2015,354,Christy Ottaviano Books (Henry Holt and Co.)
The Evolution of Calpurnia Tate,Jacqueline Kelly,3.99,26909,4310,2009,344,Henry Holt and Company
The Thief Lord,Cornelia Funke,3.96,74912,3731,2002,350,Chicken House
Little House in the Big Woods,Laura Ingalls Wilder,4.18,208646,4996,2007,198,HarperTrophy
The Miraculous Journey of Edward Tulane,Kate DiCamillo,4.36,67141,8395,2006,200,Candlewick Press
All's Faire in Middle School,Victoria Jamieson,4.13,5505,951,2017,248,Dial Books
"The Inquisitor's Tale: Or, the Three Magical Children and Their Holy Dog",Adam Gidwitz,4.13,7116,1665,2016,363,Dutton Books for Young Readers
Tuesdays at the Castle,Jessica Day George,4.08,15325,2154,2011,225,Bloomsbury
The Last Battle,C.S. Lewis,4.03,194708,5135,2005,288,HarperCollins Publishers
Fantastic Beasts and Where to Find Them,Newt Scamander,3.99,273569,9004,2001,128,Arthur A. Levine Books
Maniac Magee,Jerry Spinelli,3.87,109269,4108,2002,184,Scholastic
Orphan Island,Laurel Snyder,3.65,5536,1289,2017,288,Walden Pond Press
The Dark Prophecy,Rick Riordan,4.26,36628,3523,2017,401,Disney-Hyperion
A World Without Princes,Soman Chainani,4.08,19697,2120,2014,433,HarperCollins
Savvy,Ingrid Law,3.97,42420,3763,2008,342,Dial Books
A Little Princess,Frances Hodgson Burnett,4.19,251329,6098,2002,242,Penguin Books
The Ship of the Dead,Rick Riordan,4.38,32897,3481,2017,410,Disney-Hyperion
The War I Finally Won,Kimberly Brubaker Bradley,4.52,12704,2162,2017,387,Dial Books
Peter and the Starcatchers,Dave Barry,4.02,64889,4654,2006,452,Disney-Hyperion
The Maze of Bones,Rick Riordan,3.84,69196,4564,2008,220,"Scholastic, Inc."
Harry Potter and the Cursed Child: Parts One and Two,John Tiffany,3.68,549212,60425,2016,343,"Little, Brown"
Beyond the Bright Sea,Lauren Wolk,4.12,5815,1198,2017,304,Dutton Books for Young Readers
Circus Mirandus,Cassie Beasley,4.09,7768,1461,2015,292,Dial Books
Dealing with Dragons,Patricia C. Wrede,4.15,77107,3113,2002,212,HMH Books for Young Readers
Mrs. Frisby and the Rats of NIMH,Robert C. O'Brien,4.14,155404,3198,2003,240,Aladdin Paperbacks
Gathering Blue,Lois Lowry,3.81,142671,10530,2000,240,Delacorte Press
How to Train Your Dragon,Cressida Cowell,3.88,31617,3702,2004,214,"Little, Brown Books for Young Readers"
Among the Hidden,Margaret Peterson Haddix,3.97,104802,5693,2006,153,Aladdin Paperbacks
The Wonderful Wizard of Oz,L. Frank Baum,3.99,318977,10617,1995,154,Penguin
Small Spaces,Katherine Arden,4.03,3019,800,2018,218,G.P. Putnam's Sons Books for Young Readers
The Chronicles of Narnia,C.S. Lewis,4.25,450335,9578,2002,767,HarperCollins
The Vanderbeekers of 141st Street,Karina Yan Glaser,4.24,4336,1026,2017,297,HMH Books for Young Readers
The Fairy-Tale Detectives,Michael Buckley,4.03,46429,3171,2005,284,Amulet Books
Hoot,Carl Hiaasen,3.82,91417,4539,2006,292,Yearling Books
The Arctic Incident,Eoin Colfer,3.95,123778,2797,2004,398,Hyperion Books for Children
The Witch of Blackbird Pond,Elizabeth George Speare,3.98,123682,5508,1978,256,Laurel Leaf
Be Prepared,Vera Brosgol,3.96,6419,990,2018,256,First Second
The Nest,Kenneth Oppel,3.73,7470,1846,2015,256,Simon &amp; Schuster
The Copper Gauntlet,Holly Black,4.15,22064,2132,2015,264,Scholastic Press
The Strange Case of Origami Yoda,Tom Angleberger,3.9,25674,3016,2010,141,Amulet Books
Awkward,Svetlana Chmakova,4.06,23340,1680,2015,224,JY
Harriet the Spy,Louise Fitzhugh,3.95,91405,2219,2002,300,Yearling
Sunny Side Up,Jennifer L. Holm,4.12,21142,1757,2015,224,Graphix
Little House on the Prairie,Laura Ingalls Wilder,4.19,231960,3818,2008,335,HarperCollins
Frindle,Andrew Clements,3.8,95483,3673,1998,105,Atheneum Books for Young Readers
Dragon Pearl,Yoon Ha Lee,3.86,1529,483,2019,312,Rick Riordan Presents
The Wednesday Wars,Gary D. Schmidt,4.07,32764,5527,2007,264,Clarion Books
Refugee,Alan Gratz,4.52,17429,3633,2017,352,Scholastic 
Moon Over Manifest,Clare Vanderpool,4.03,27668,4388,2010,368,Delacorte Books for Young Readers
Peter Pan,J.M. Barrie,4.09,230707,9160,2003,176,Henry Holt and Co.
The Witch Boy,Molly Ostertag,4.15,5559,971,2017,224,Scholastic
The Hobbit or There and Back Again,J.R.R. Tolkien,4.26,2502549,42594,2002,366,Houghton Mifflin
Rump: The True Story of Rumpelstiltskin,Liesl Shurtliff,4.05,14756,1778,2013,272,Alfred A. Knopf Books for Young Readers
The Name of This Book Is Secret,Pseudonymous Bosch,4.05,46335,3442,2007,364,"Little, Brown Books for Young Readers"
The Book of Three,Lloyd Alexander,4.0,64878,2812,2006,190,Square Fish
Ghost Boys,Jewell Parker Rhodes,4.37,6076,1244,2018,214,"Little, Brown Books for Young Readers"
The Night Diary,Veera Hiranandani,4.19,3273,750,2018,272,Kokila
The Cavendish Home for Boys and Girls,Claire Legrand,3.86,3808,725,2012,352,Simon &amp; Schuster Books For Young Readers
Harbor Me,Jacqueline Woodson,4.3,3936,950,2018,192,Nancy Paulsen Books
Patina,Jason Reynolds,4.19,4970,931,2017,233,Atheneum/Caitlyn Dlouhy Books
See You in the Cosmos,Jack Cheng,4.04,5892,1393,2017,315,Dial Books
The True Confessions of Charlotte Doyle,Avi,3.82,74712,3063,2003,278,HarperCollins
Summerlost,Ally Condie,3.85,5360,1166,2016,249,Dutton Books for Young Readers
The Ruins of Gorlan,John Flanagan,4.22,106253,6894,2006,249,Puffin Books
"Bud, Not Buddy",Christopher Paul Curtis,3.91,87645,4665,1999,243,Delacorte Books for Young Readers
The Hero's Guide to Saving Your Kingdom,Christopher Healy,4.05,10108,1451,2012,436,Walden Pond Press
Chasing Vermeer,Blue Balliett,3.72,25760,2194,2004,254,Scholastic Press
Better Nate Than Ever,Tim Federle,3.93,6923,1091,2013,288,Simon &amp; Schuster BFYR
"Roll of Thunder, Hear My Cry",Mildred D. Taylor,3.82,105090,4563,1991,288,Puffin Books
Booked,Kwame Alexander,4.19,11772,2038,2016,320,HMH Books for Young Readers
The Runaway King,Jennifer A. Nielsen,4.23,31216,3320,2013,331,Scholastic Press
Bob,Wendy Mass,4.08,4052,1018,2018,201,Feiwel &amp; Friends
A Wind in the Door,Madeleine L'Engle,4.04,105335,3238,1976,203,Dell Laurel-Leaf
The Seeing Stone,Tony DiTerlizzi,3.89,33495,1242,2003,114,Simon &amp; Schuster Books for Young Readers
The First Rule of Punk,Celia C. Pérez,4.09,3225,643,2017,336,Viking Books for Young Readers
Who Could That Be at This Hour?,Lemony Snicket,3.83,21373,2340,2012,258,Little Brown
The Demigod Files,Rick Riordan,4.04,68604,2446,2009,151,Disney-Hyperion Books
Mockingbird,Kathryn Erskine,4.19,27142,4115,2010,235,Philomel Books
Flipped,Wendelin Van Draanen,3.95,89652,6925,2003,212,Knopf
Fever 1793,Laurie Halse Anderson,3.91,93588,5484,2000,252,Aladdin
The Eternity Code,Eoin Colfer,4.05,110175,2108,2006,352,Puffin
The Subtle Knife,Philip Pullman,4.12,308325,7466,2018,370,RHCP Digital
The Serpent's Secret,Sayantani DasGupta,3.85,1902,460,2018,351,Scholastic
The Unwanteds,Lisa McMann,4.1,23306,2698,2011,390,Aladdin
Ivy Aberdeen's Letter to the World,Ashley Herring Blake,4.35,1736,491,2018,309,"Little, Brown Books for Young Readers"
Okay for Now,Gary D. Schmidt,4.19,29273,4965,2011,360,Clarion Books
The Search for WondLa,Tony DiTerlizzi,4.07,10359,1520,2010,484,Simon  Schuster Books for Young Readers
Ophelia and the Marvelous Boy,Karen Foxlee,3.88,5696,1022,2014,233,Alfred A. Knopf
Louisiana's Way Home,Kate DiCamillo,4.34,4194,1029,2018,240,Candlewick Press (MA)
The Amulet of Samarkand,Jonathan Stroud,4.01,103602,4627,2003,462,Hyperion/Miramax
Stella by Starlight,Sharon M. Draper,4.07,9532,1429,2015,320,Atheneum Books for Young Readers
Whichwood,Tahereh Mafi,4.01,2920,727,2017,368,Dutton Books for Young Readers
Wundersmith: The Calling of Morrigan Crow,Jessica  Townsend,4.55,5527,1063,2018,467,Lothian Children's Books (Hachette Australia)
Sideways Stories from Wayside School,Louis Sachar,4.15,83588,2239,2004,144,Bloomsbury Childrens Books
The Blackthorn Key,Kevin Sands,4.14,6786,1187,2015,384,Aladdin
Pippi Longstocking,Astrid Lindgren,4.12,147710,3224,2005,160,Puffin Books
The Two Princesses of Bamarre,Gail Carson Levine,4.03,64393,2274,2004,304,Eos
The Mysterious Benedict Society and the Perilous Journey,Trenton Lee Stewart,4.21,38563,2325,2008,440,"Little, Brown and Company"
Dead End in Norvelt,Jack Gantos,3.72,17943,3207,2011,341,"Farrar, Straus and Giroux (BYR)"
Messenger,Lois Lowry,3.91,100269,7410,2006,169,Ember
Rodrick Rules,Jeff Kinney,4.11,116140,6588,2008,224,Amulet Books
The Glass Sentence,S.E. Grove,3.81,5553,1129,2014,493,Viking Books for Young Readers
Navigating Early,Clare Vanderpool,4.06,11037,1902,2013,320,Delacorte Books for Young Readers
Nightmares!,Jason Segel,3.88,7199,1288,2014,355,Delacorte Books for Young Readers
The Burning Maze,Rick Riordan,4.37,20475,2700,2018,431,Disney-Hyperion
Quidditch Through the Ages,Kennilworthy Whisp,3.86,121742,4591,2001,64,Scholastic
Under the Egg,Laura Marx Fitzgerald,4.01,5575,1003,2014,247,Dial Books
The Stonekeeper's Curse,Kazu Kibuishi,4.33,27814,1880,2009,220,Graphix
A Night Divided,Jennifer A. Nielsen,4.33,15507,2704,2015,357,Scholastic Inc.
Inkspell,Cornelia Funke,3.92,97495,3813,2005,635,The Chicken House
The Real Boy,Anne Ursu,3.97,5596,621,2013,348,Walden Pond Press
Peter Nimble and His Fantastic Eyes,Jonathan Auxier,4.06,7851,1169,2011,400,Amulet Books
Alanna: The First Adventure,Tamora Pierce,4.27,103467,4473,2005,274,Simon Pulse
Some Kind of Happiness,Claire Legrand,4.29,2301,507,2016,374,Simon  Schuster Books for Young Readers
The Opal Deception,Eoin Colfer,4.05,115229,1792,2009,416,Miramax Books
Rules,Cynthia Lord,3.97,49783,4578,2006,208,Scholastic Press
Hour of the Bees,Lindsay Eagar,4.2,4190,933,2016,360,Candlewick Press
Out of the Dust,Karen Hesse,3.74,63334,4367,2005,256,Scholastic Inc.
Into the Wild,Erin Hunter,4.29,65989,5212,2004,288,HarperTrophy
Lucinda's Secret,Tony DiTerlizzi,3.88,28921,888,2003,114,Simon  Schuster Books for Young Readers
Fuzzy Mud,Louis Sachar,3.86,7331,1292,2015,192,Delacorte Books for Young Readers
The Indian in the Cupboard,Lynne Reid Banks,3.9,89102,2083,2003,192,Collins
"Sarah, Plain and Tall",Patricia MacLachlan,3.74,64710,2384,2001,64,Houghton Mifflin
The Emerald Atlas,John  Stephens,3.93,18643,2174,2011,417,Alfred A. Knopf
Murder Most Unladylike: A Wells & Wong Mystery,Robin  Stevens,3.96,5727,862,2014,350,Corgi Books
The View from Saturday,E.L. Konigsburg,3.75,41386,1992,2003,176,Aladdin Paperbacks
One for the Murphys,Lynda Mullaly Hunt,4.31,22118,2472,2012,224,Nancy Paulsen Books (Penguin Group for Young Readers (USA)
The Watsons Go to Birmingham - 1963,Christopher Paul Curtis,3.96,53409,4394,2000,224,Laurel Leaf
Fairest,Gail Carson Levine,3.87,56132,3979,2006,326,HarperCollins
Alice's Adventures in Wonderland & Through the Looking-Glass,Lewis Carroll,4.07,418689,9489,2000,239,Penguin Group (USA)
The Last Straw,Jeff Kinney,4.13,102666,4690,2009,218,Amulet Books
Lily and Dunkin,Donna Gephart,4.26,4932,977,2016,352,Delacorte Books for Young Readers
A Long Walk to Water: Based on a True Story,Linda Sue Park,4.25,36893,5970,2010,128,Clarion Books
The Parker Inheritance,Varian Johnson,4.21,2216,574,2018,331,Arthur A. Levine Books
"Listen, Slowly",Thanhha Lai,3.89,4879,863,2015,272,HarperCollins
Splendors and Glooms,Laura Amy Schlitz,3.82,8631,1271,2012,384,Candlewick Press (MA)
The Storm Runner,J.C. Cervantes,4.04,1635,386,2018,448,Rick Riordan Presents
Star-Crossed,Barbara Dee,4.23,1278,379,2017,277,Aladdin
As Brave As You,Jason Reynolds,4.02,3654,736,2016,401,Atheneum/Caitlyn Dlouhy Books 
The Amber Spyglass,Philip Pullman,4.08,248839,7970,2003,467,Laurel Leaf
A Tangle of Knots,Lisa Graff,3.95,7856,981,2013,230,Philomel
Redwall,Brian Jacques,4.12,93626,3362,2006,352,Red Fox
Merci Suárez Changes Gears,Meg Medina,4.25,1824,532,2018,355,Candlewick Press
The Shadow Cipher,Laura Ruby,3.94,2711,615,2017,448,Walden Pond Press
Because of Mr. Terupt,Rob Buyea,4.35,27791,3014,2010,269,Delacorte Press
Chains,Laurie Halse Anderson,4.1,42080,4939,2008,316,Atheneum
"Over Sea, Under Stone",Susan Cooper,3.86,41459,2034,2004,196,Aladdin Paperbacks
Percy Jackson's Greek Gods,Rick Riordan,4.5,40754,3215,2014,417,Disney Hyperion
Ms. Bixby's Last Day,John David  Anderson,4.32,5429,1257,2016,300,Walden Pond Press
The Ironwood Tree,Tony DiTerlizzi,3.93,31165,768,2004,114,Simon  Schuster Books for Young Readers
The Magic Misfits,Neil Patrick Harris,3.91,5489,952,2017,224,"Little, Brown Books for Young Readers"
Rise of the Evening Star,Brandon Mull,4.14,106708,3672,2007,456,Shadow Mountain
Pashmina,Nidhi Chanani,3.74,5215,972,2017,176,First Second
The Magician's Elephant,Kate DiCamillo,3.84,18324,2986,2009,201,Candlewick Press
The Last Ever After,Soman Chainani,4.3,15173,1553,2015,655,HarperCollins
The Goose Girl,Shannon Hale,4.18,105807,9443,2005,383,Bloomsbury Publishing PLC
The Bronze Key,Holly Black,4.13,12884,1584,2016,256,Scholastic
Tales of a Fourth Grade Nothing,Judy Blume,4.1,125206,2427,2004,144,Berkley
The Gauntlet,Karuna Riazi,3.78,1212,377,2017,298,Salaam Reads / Simon  Schuster Books for Young Readers
"Lumberjanes, Vol. 1: Beware the Kitten Holy",Noelle Stevenson,3.91,47871,4310,2015,128,BOOM! Box
The Wrath of Mulgarath,Tony DiTerlizzi,3.94,31363,949,2004,146,Simon &amp; Schuster Books for Young Readers
Absolutely Almost,Lisa Graff,4.03,8202,988,2014,288,Philomel Books
The Shadow Throne,Jennifer A. Nielsen,4.24,20842,2665,2014,336,Scholastic Press
Akata Witch,Nnedi Okorafor,4.08,13499,2534,2011,349,Viking Children's
Towers Falling,Jewell Parker Rhodes,4.08,6118,1158,2016,240,"Little, Brown BFYR"
Sweep: The Story of a Girl and Her Monster,Jonathan Auxier,4.56,2075,543,2018,368,Puffin Books
The Tea Dragon Society,Katie O'Neill,4.39,5519,1599,2017,72,Oni Press
The Spindlers,Lauren Oliver,3.56,3121,602,2012,246,HarperCollins
The Wolf Wilder,Katherine Rundell,4.05,4039,786,2015,336,Bloomsbury Children's
Flunked,Jen Calonita,3.78,4910,828,2015,256,Sourcebooks Jabberwocky
Rooftoppers,Katherine Rundell,4.04,6925,1279,2013,278,Faber  Faber
Dog Days,Jeff Kinney,4.15,98866,4873,2009,218,Amulet Books
Fantastic Mr. Fox,Roald Dahl,4.05,89528,3476,2002,96,Knopf Books for Young Readers
The People of Sparks,Jeanne DuPrau,3.66,47568,3322,2004,338,Yearling
The Girl Who Fell Beneath Fairyland and Led the Revels There,Catherynne M. Valente,4.18,8794,1189,2012,258,Feiwel &amp; Friends
The Penderwicks on Gardam Street,Jeanne Birdsall,4.26,16721,1630,2008,308,Alfred A. Knopf Books for Young Readers
"Catherine, Called Birdy",Karen Cushman,3.71,34949,1466,2004,224,HarperTrophy
Love That Dog,Sharon Creech,4.02,35083,4192,2008,112,HarperCollins
Odd and the Frost Giants,Neil Gaiman,3.97,24780,3098,2008,97,Bloomsbury Publishing PLC
The Tail of Emily Windsnap,Liz Kessler,3.9,19414,1768,2010,209,Candlewick Press
The Borrowers,Mary Norton,4.03,83500,1657,2003,192,HMH Books for Young Readers
The Honest Truth,Dan Gemeinhart,4.25,8160,1689,2015,240,Scholastic Press
Loki's Wolves,K.L. Armstrong,3.84,6846,841,2013,358,"Little, Brown Books for Young Readers"
The True Meaning of Smekday,Adam Rex,4.1,8375,1656,2007,426,Hyperion Books for Children
Beezus and Ramona,Beverly Cleary,3.99,87728,1714,2000,160,Oxford University Press
Save Me a Seat,Sarah Weeks,4.09,6986,1081,2016,240,Scholastic Press
The Isle of the Lost,Melissa de la Cruz,3.85,17392,2264,2015,320,Disney Hyperion
Palace of Stone,Shannon Hale,3.96,19037,2290,2012,336,Bloomsbury USA
The Miscalculations of Lightning Girl,Stacy McAnulty,4.25,2934,594,2018,294,Random House
All Rise for the Honorable Perry T. Cook,Leslie Connor,4.31,4905,890,2016,400,Katherine Tegen Books
Bunnicula,James Howe,3.85,57349,2104,2006,98,Atheneum Books for Young Readers
Where the Sidewalk Ends,Shel Silverstein,4.3,1096933,10146,2002,176,Harpercollins Childrens Books
The Dragonet Prophecy,Tui T. Sutherland,4.28,21031,1700,2012,336,Scholastic Press
Midnight for Charlie Bone,Jenny Nimmo,3.81,36944,1817,2003,416,Orchard Books
Son,Lois Lowry,3.98,71372,7894,2012,393,HMH Books for Young Readers
Skulduggery Pleasant,Derek Landy,4.21,45292,3661,2007,392,HarperCollins
A Dash of Trouble,Anna Meriano,4.14,910,277,2018,320,Walden Pond Press
The Cloud Searchers,Kazu Kibuishi,4.36,21240,1260,2010,203,Graphix
Alcatraz Versus the Evil Librarians,Brandon Sanderson,3.88,18919,2871,2007,308,Scholastic Press
Dragon Slippers,Jessica Day George,4.23,24574,2138,2007,324,Bloomsbury USA Childrens
The Egypt Game,Zilpha Keatley Snyder,3.82,30738,1311,2009,215,Turtleback Books
The Secret Horses of Briar Hill,Megan Shepherd,4.0,1575,443,2016,240,Delacorte Books for Young Readers
"Kat, Incorrigible",Stephanie Burgis,3.96,3740,619,2011,304,Atheneum
Grip of the Shadow Plague,Brandon Mull,4.27,73039,3035,2008,477,Shadow Mountain
The Jumbies,Tracey Baptiste,3.89,1796,402,2015,240,Algonquin Young Readers
The Witch's Boy,Kelly Barnhill,4.02,3341,602,2014,384,Algonquin Young Readers
Mary Poppins,P.L. Travers,4.03,101345,4491,2006,209,HMH Books for Young Readers
The Best Man,Richard Peck,3.95,3473,812,2016,240,Dial Books
The Midwife's Apprentice,Karen Cushman,3.72,36274,1695,1996,128,HarperTrophy
You Go First,Erin Entrada Kelly,3.78,2528,404,2018,288,Greenwillow Books
Flying Lessons & Other Stories,Ellen Oh,4.1,2757,601,2017,4,Listening Library
Gregor and the Prophecy of Bane,Suzanne Collins,4.18,36174,1883,2005,312,Scholastic Paperbacks
The Twits,Roald Dahl,3.95,101662,3237,2004,96,Puffin Books
The Lost Colony,Eoin Colfer,4.0,140421,1765,2006,385,Hyperion Books for Children
The Whispering Skull,Jonathan Stroud,4.32,13833,1773,2014,435,Disney Hyperion
The Shadows,Jacqueline West,3.94,8390,974,2010,224,Dial Books for Young Readers
The Mysterious Benedict Society and the Prisoner's Dilemma,Trenton Lee Stewart,4.29,30048,1474,2009,0,Listening Library (Audio)
A Single Shard,Linda Sue Park,3.89,32065,2361,2003,192,Yearling
Stuart Little,E.B. White,3.89,99009,2381,2006,131,HarperCollins
Zita the Spacegirl,Ben Hatke,4.06,13766,1146,2011,186,First Second
Lost in the Sun,Lisa Graff,4.06,5972,856,2015,304,Philomel Books
A Curious Tale of the In-Between,Lauren DeStefano,3.9,1698,411,2015,240,Bloomsbury USA Childrens
The Truth as Told by Mason Buttle,Leslie Connor,4.25,2579,600,2018,336,Katherine Tegen Books
The Demigod Diaries,Rick Riordan,4.18,38075,1633,2012,244,Disney-Hyperion Books
Half Magic,Edward Eager,3.95,33260,1431,1999,192,Harcourt Odyssey
My Side of the Mountain,Jean Craighead George,4.05,56312,2907,2004,192,Puffin Books
11 Birthdays,Wendy Mass,4.18,25893,2327,2009,272,Scholastic Press
Sunny,Jason Reynolds,4.09,2931,632,2018,159,Atheneum/Caitlyn Dlouhy Books
Snow & Rose,Emily Winfield Martin,3.98,2285,590,2017,213,Random House Books for Young Readers
Gracefully Grayson,Ami Polonsky,4.15,4721,956,2014,243,Disney-Hyperion
The Apothecary,Maile Meloy,4.03,11182,1479,2011,362,G.P. Putnam’s Sons
The Ugly Truth,Jeff Kinney,4.17,86620,3847,2010,217,Amulet books
The Secret of the Old Clock,Carolyn Keene,3.99,56053,2679,1991,210,Applewood Books
The House with a Clock in Its Walls,John Bellairs,3.81,13423,1654,2004,179,Puffin Books
The Dark Is Rising,Susan Cooper,4.07,47848,2171,2007,272,Margaret K. McElderry 
The Boy in the Striped Pajamas,John Boyne,4.13,408587,23111,2006,224,David Fickling Books
Alice's Adventures in Wonderland,Lewis Carroll,4.01,161477,7404,1997,96,Public Domain Books
Charlie and the Great Glass Elevator,Roald Dahl,3.66,80114,2352,2005,159,Puffin Books
Julie of the Wolves,Jean Craighead George,3.8,51113,1552,2016,176,HarperCollins
Dragon Rider,Cornelia Funke,3.96,73713,2298,2005,527,Chicken House
The Wind in the Willows,Kenneth Grahame,3.99,160427,5049,2005,256,Penguin Books
Wild Born,Brandon Mull,4.01,13250,1281,2013,224,Scholastic
The Scandalous Sisterhood of Prickwillow Place,Julie Berry,3.76,4313,986,2014,368,Roaring Brook Press 
A Mango-Shaped Space,Wendy Mass,4.21,25569,2657,2005,221,"Little, Brown and Company"
The Black Cauldron,Lloyd Alexander,4.14,54089,1379,2006,182,Square Fish
Insignificant Events in the Life of a Cactus,Dusti Bowling,4.35,3195,740,2017,262,Sterling Children's Books
Charmed Life,Diana Wynne Jones,3.96,27414,1046,2000,252,HarperCollins Children's Books
Inkdeath,Cornelia Funke,3.94,64802,2932,2007,699,Chicken House
The Stars Beneath Our Feet,David Barclay Moore,3.91,2599,523,2017,304,Knopf Books for Young Readers
Nightbird,Alice Hoffman,3.83,4898,1034,2015,208,Simon &amp; Schuster UK
The Year of Shadows,Claire Legrand,4.06,1057,186,2013,416,Simon &amp; Schuster Books For Young Readers
The Neverending Story,Michael Ende,4.18,140306,5321,1997,396,Dutton Children's Books
The Tiger Rising,Kate DiCamillo,3.8,18692,2266,2002,128,Candlewick Press
The Boxcar Children,Gertrude Chandler Warner,4.1,109269,2755,1989,160,Albert Whitman  Company
Miss Peregrine's Home for Peculiar Children,Ransom Riggs,3.91,838474,58160,2011,352,Quirk
The Enchantress Returns,Chris Colfer,4.49,29838,2258,2013,517,"Little, Brown Books for Young Readers"
Secrets of the Dragon Sanctuary,Brandon Mull,4.37,68120,2873,2009,535,Shadow Mountain
The Time Paradox,Eoin Colfer,4.07,71865,2049,2008,391,Hyperion
The Seventh Wish,Kate Messner,4.18,2730,644,2016,228,Bloomsbury USA Childrens
The Colossus Rises,Peter Lerangis,3.84,11874,1066,2013,348,HarperCollins
The Wizards of Once,Cressida Cowell,3.85,3999,818,2017,393,Hodder Children's Books
Orbiting Jupiter,Gary D. Schmidt,4.22,18928,3678,2015,183,Clarion Books
The Boundless,Kenneth Oppel,3.89,4895,932,2014,332,Simon  Schuster Books for Young Readers
Shiloh,Phyllis Reynolds Naylor,3.93,68533,2053,2003,145,Aladdin Paperbacks
Restart,Gordon Korman,4.22,8128,1401,2017,256,Scholastic Press
Ice Wolves,Amie Kaufman,3.94,1082,253,2018,326,HarperCollins
Magic Marks the Spot,Caroline Carlson,4.05,3472,453,2013,358,HarperCollins
The Lions of Little Rock,Kristin Levine,4.23,16221,1884,2012,298,G.P. Putnam's Sons Books for Young Readers
Brave,Svetlana Chmakova,4.33,4532,755,2017,248,JY
A World Without Heroes,Brandon Mull,4.09,32468,2798,2011,457,Aladdin
"Ramona Quimby, Age 8",Beverly Cleary,4.09,65058,1379,1982,190,Yearling
All Summer Long,Hope Larson,3.78,2382,495,2018,176,"Farrar, Straus and Giroux (Byr)"
Short,Holly Goldberg Sloan,3.78,3982,692,2017,304,Dial Books
Moo,Sharon Creech,3.86,5806,998,2016,288,HarperCollins
The Last Council,Kazu Kibuishi,4.39,16682,1074,2011,219,Graphix
The Penderwicks at Point Mouette,Jeanne Birdsall,4.31,11866,1072,2011,295,Knopf Books for Young Readers
Little Women,Louisa May Alcott,4.06,1468265,20339,2004,449,Signet Classics
Mighty Jack,Ben Hatke,4.08,4051,589,2016,208,First Second
Theodosia and the Serpents of Chaos,R.L. LaFevers,3.86,7195,651,2007,344,Houghton Mifflin
On the Banks of Plum Creek,Laura Ingalls Wilder,4.19,85051,1504,2007,358,HarperTrophy
The Cross of Lead,Avi,3.61,21124,1915,2004,262,Hyperion Books for Children
The Higher Power of Lucky,Susan Patron,3.57,12297,1490,2006,144,Atheneum/Richard Jackson Books
Hurricane Child,Kheryn Callender,3.85,903,240,2018,256,Scholastic
Story Thieves,James  Riley,4.04,3966,605,2015,400,Aladdin
The Silver Mask,Holly Black,4.09,7842,922,2017,200,Scholastic Press
See You at Harry's,Jo Knowles,4.12,12020,1648,2012,310,Candlewick Press
Flyte,Angie Sage,4.0,65120,1612,2007,521,HarperCollins Publishers
Anne of Avonlea,L.M. Montgomery,4.22,121574,3917,1997,304,Random House Children's Books
The Great Gilly Hopkins,Katherine Paterson,3.84,19978,1167,1996,148,Heinemann Educational
Invisible Emmie,Terri Libenson,3.89,4514,577,2017,192,Balzer + Bray
Masterminds,Gordon Korman,4.25,6015,964,2015,336,Balzer &amp; Bray
Lucky Broken Girl,Ruth Behar,3.95,2285,569,2017,243,Nancy Paulsen Books
Monstrous,MarcyKate Connolly,3.8,1746,413,2015,432,HarperCollins Children's Books
The Ghosts of Tupelo Landing,Sheila Turnage,4.17,5406,686,2014,368,Kathy Dawson Books
Keys to the Demon Prison,Brandon Mull,4.43,66444,3227,2010,593,Shadow Mountain
Gregor and the Curse of the Warmbloods,Suzanne Collins,4.21,37934,1446,2006,358,Scholastic Paperbacks
The Alchemyst,Michael Scott,3.85,126029,7832,2010,390,Corgi Childrens
Black Beauty,Anna Sewell,3.95,214134,4103,2003,245,Scholastic Paperbacks
Tales from a Not-So-Fabulous Life,Rachel Renée Russell,4.16,43106,2929,2009,282,Aladdin
Eragon,Christopher Paolini,3.88,1276136,20261,2005,503,Alfred A. Knopf
One False Note,Gordon Korman,3.89,47285,1644,2008,174,Scholastic Inc.
Willa of the Wood,Robert  Beatty,4.23,2261,586,2018,384,Disney-Hyperion
When the Sea Turned to Silver,Grace Lin,4.34,2668,516,2016,384,"Little, Brown Books for Young Readers"
Baba Yaga's Assistant,Marika McCoola,3.88,5266,679,2015,132,Candlewick Press
Sky Raiders,Brandon Mull,4.17,13665,1220,2014,432,Aladdin
Dear Mr. Henshaw,Beverly Cleary,3.72,32424,1417,2000,134,HarperCollins
Nightbooks,J.A. White,3.98,999,263,2018,304,Katherine Tegen Books
The Land of Forgotten Girls,Erin Entrada Kelly,3.88,1452,324,2016,299,Greenwillow Books
The Candymakers,Wendy Mass,4.31,19617,1725,2010,453,"Little, Brown Books for Young Readers"
The Willoughbys,Lois Lowry,3.77,10760,1882,2008,174,HMH Books for Young Readers
"It Ain't So Awful, Falafel",Firoozeh Dumas,4.25,2606,613,2016,378,Clarion Books
Found,Margaret Peterson Haddix,3.98,35483,3701,2008,320,Simon  Schuster Books for Young Readers
Ramona the Pest,Beverly Cleary,4.06,57574,1260,2000,192,Oxford University Press
The Long Winter,Laura Ingalls Wilder,4.14,72549,1556,2007,422,HarperTrophy
The Key to Extraordinary,Natalie Lloyd,4.15,3209,564,2016,240,Scholastic Press
The Frog Princess,E.D. Baker,3.82,25040,1218,2004,215,Bloomsbury Children's Books
The Charmed Children of Rookskill Castle,Janet Fox,3.6,1740,376,2016,388,Viking Books For Young Readers
The Princess Curse,Merrie Haskell,4.01,5405,636,2011,328,HarperCollins
The Cardboard Kingdom,Chad Sell,4.15,2014,388,2018,288,Knopf Books for Young Readers
The Hidden Gallery,Maryrose Wood,4.05,7254,847,2011,313,Balzer + Bray
The Outsiders,S.E. Hinton,4.08,796723,28640,1997,192,Puffin Books (US/CAN)
Princess Princess Ever After,Katie O'Neill,4.21,3867,921,2016,53,Oni Press
Unusual Chickens for the Exceptional Poultry Farmer,Kelly        Jones,3.91,3330,602,2015,224,Knopf Books for Young Readers
Searching for Dragons,Patricia C. Wrede,4.26,39384,978,2002,242,HMH Books for Young Readers
Kira-Kira,Cynthia Kadohata,3.92,21304,2521,2006,272,Atheneum Books for Young Readers
Paper Wishes,Lois Sepahban,4.05,1930,498,2016,192,"Farrar, Straus and Giroux (BYR)"
The Riverman,Aaron Starmer,3.81,2338,494,2014,320,"Farrar, Straus and Giroux (BYR)"
P.S. Be Eleven,Rita Williams-Garcia,4.02,5681,661,2013,272,Amistad
Gregor and the Marks of Secret,Suzanne Collins,4.23,29048,1155,2007,343,Scholastic Paperbacks
100 Cupboards,N.D. Wilson,3.78,14350,2011,2007,289,Random House Books for Young Readers
By the Shores of Silver Lake,Laura Ingalls Wilder,4.17,62895,1096,2007,357,HarperTrophy
New Kid,Jerry Craft,4.29,2014,369,2019,256,HarperCollins
Prince of the Elves,Kazu Kibuishi,4.38,12946,917,2012,203,Graphix
Wayside School Is Falling Down,Louis Sachar,4.17,53361,874,1990,152,Avon Camelot
The Secret of Platform 13,Eva Ibbotson,3.94,11995,720,2001,231,Puffin Books
The Girl Who Could Fly,Victoria Forester,4.07,12904,2047,2008,328,Feiwel &amp; Friends
Heidi,Johanna Spyri,3.98,162720,3224,2002,352,Kingfisher
Cabin Fever,Jeff Kinney,4.22,81151,3836,2011,224,Amulet Books
The Prince and the Dressmaker,Jen Wang,4.45,17016,3981,2018,288,First Second
"Nine, Ten: A September 11 Story",Nora Raleigh Baskin,4.01,4699,802,2016,208,Atheneum Books for Young Readers
Kristy's Great Idea,Raina Telgemeier,4.16,19851,1023,2006,186,Turtleback Books
The Creeping Shadow,Jonathan Stroud,4.51,8404,1291,2016,445,Disney-Hyperion
A Handful of Stars,Cynthia Lord,4.16,4248,672,2015,192,Scholastic
The Forbidden Library,Django Wexler,3.79,3330,553,2014,376,Kathy Dawson Books
The Third Wheel,Jeff Kinney,4.21,60355,2978,2012,224,Amulet Books
The Mighty Miss Malone,Christopher Paul Curtis,4.09,13266,1188,2012,320,Wendy Lamb Books
May B.,Caroline Starr Rose,3.81,5268,894,2012,240,Schwartz &amp; Wade
A Grimm Warning,Chris Colfer,4.53,23854,1690,2014,448,"Little, Brown Books for Young Readers"
One Came Home,Amy Timberlake,3.82,8582,1270,2013,272,Knopf Books for Young Readers
All Four Stars,Tara Dairman,4.16,2227,456,2014,288,G.P. Putnam's Sons Books for Young Readers
A Long Way from Chicago,Richard Peck,3.93,30619,2256,2004,160,Puffin Books
The Goldfish Boy,Lisa   Thompson,4.1,3798,673,2017,320,Scholastic Press
Me and Marvin Gardens,A.S. King,3.88,1529,382,2017,256,Arthur A. Levine Books
The Terrible Two,Mac Barnett,4.09,7079,837,2015,218,Harry N. Abrams
Ungifted,Gordon Korman,4.01,15417,2020,2012,280,Balzer + Bray
The Nameless City,Faith Erin Hicks,4.09,5360,713,2016,232,First Second
Mr. Lemoncello's Library Olympics,Chris Grabenstein,4.21,7574,1024,2016,288,Random House Books for Young Readers
Gertie's Leap to Greatness,Kate Beasley,3.91,1539,394,2016,256,"Farrar, Straus and Giroux (BYR)"
The Shrunken Head,Lauren Oliver,3.73,1744,338,2015,368,HarperCollins Children's Books 
Turtle in Paradise,Jennifer L. Holm,3.93,16826,1857,2010,177,Random House Books for Young Readers
The Mouse and the Motorcycle,Beverly Cleary,3.92,71384,1688,2014,186,HarperCollins
The Case of the Missing Marquess,Nancy Springer,3.85,7910,930,2006,224,Philomel
Wait Till Helen Comes,Mary Downing Hahn,4.14,17481,2025,1987,184,"Harper Collins, Inc."
The Underneath,Kathi Appelt,3.95,9429,1783,2008,313,Atheneum Books for Young Readers
The Wild Robot Escapes,Peter  Brown,4.38,4098,702,2018,279,"Little, Brown Books for Young Readers"
Midnight Without a Moon,Linda Williams Jackson,4.19,914,259,2017,320,HMH Books for Young Readers
Forget Me Not,Ellie Terry,4.29,2118,535,2017,336,Feiwel &amp; Friends
Nooks & Crannies,Jessica  Lawson,4.04,1785,349,2015,320,Simon  Schuster Books for Young Readers
Escape from Lucien,Kazu Kibuishi,4.36,9693,795,2014,224,Graphix
Wednesdays in the Tower,Jessica Day George,4.06,5846,747,2013,240,Bloomsbury Children's
Calling on Dragons,Patricia C. Wrede,4.19,38865,709,2003,244,HMH Books for Young Readers
Caddie Woodlawn,Carol Ryrie Brink,4.0,42294,1307,2006,288,Aladdin
So B. It,Sarah Weeks,4.1,30562,2740,2005,288,HarperCollins
The Prophet of Yonwood,Jeanne DuPrau,3.27,26059,2284,2006,289,Yearling Books
Winterhouse,Ben  Guterson,4.01,1518,333,2018,384,Henry Holt and Co. (BYR)
The Hollow Boy,Jonathan Stroud,4.36,10545,1512,2015,385,Disney-Hyperion
The Doldrums,Nicholas Gannon,3.82,2021,424,2015,364,Greenwillow Books
The Adventures of Tom Sawyer,Mark Twain,3.9,674220,8533,2006,244,Penguin Classics
Paperboy,Vince Vawter,3.95,8782,1447,2013,240,Delacorte Books for Young Readers
The Peculiar,Stefan Bachmann,3.63,4011,705,2012,376,Greenwillow Books 
Winterling,Sarah Prineas,3.96,3931,382,2012,248,HarperCollins
The Secret Keepers,Trenton Lee Stewart,4.05,3506,582,2016,512,"Little, Brown Books for Young Readers"
The Gallery,Laura Marx Fitzgerald,3.72,1844,377,2016,321,Dial Books
The Capture,Kathryn Lasky,3.9,22614,1440,2003,222,Scholastic Paperbacks
Clayton Byrd Goes Underground,Rita Williams-Garcia,3.83,1537,345,2017,176,Amistad
Iron Hearted Violet,Kelly Barnhill,3.85,2276,376,2012,424,"Little, Brown and Company"
The Sword Thief,Peter Lerangis,3.88,45473,1217,2009,156,"Scholastic, Inc."
Skellig,David Almond,3.79,19613,2107,2001,208,Laurel Leaf
Breakout,Kate Messner,4.23,1363,362,2018,448,Bloomsbury Children's Books
Mark of the Thief,Jennifer A. Nielsen,3.93,7553,1143,2015,352,Scholastic Press
The Red Pencil,Andrea Davis Pinkney,3.91,4497,746,2014,336,"Little, Brown Books for Young Readers"
Beastkeeper,Cat Hellisen,3.33,2586,612,2015,208,Henry Holt and Co. (BYR)
Exile,Shannon Messenger,4.6,10319,839,2013,576,Aladdin
The Burning Bridge,John Flanagan,4.3,93485,2749,2006,262,Philomel Books
George's Marvellous Medicine,Roald Dahl,4.03,65963,2173,2003,120,Jonathan Cape
Gone Crazy in Alabama,Rita Williams-Garcia,4.12,2951,545,2015,320,Amistad
The Penderwicks in Spring,Jeanne Birdsall,4.41,5797,965,2015,352,Knopf Books for Young Readers
Gregor and the Code of Claw,Suzanne Collins,4.27,38512,1791,2007,412,Scholastic Press
The Magic Thief,Sarah Prineas,3.95,16540,1171,2008,422,HarperCollins
Sheets,Brenna Thummler,3.65,4698,1020,2018,239,"Lion Forge, LLc, The"
Ban This Book,Alan Gratz,4.42,2892,752,2017,256,Starscape Books
Spirit Hunters,Ellen Oh,4.02,1111,287,2017,288,HarperCollins
Pip Bartlett's Guide to Magical Creatures,Jackson Pearce,3.98,1858,456,2015,192,Scholastic Press
The Island of Dr. Libris,Chris Grabenstein,3.78,4795,739,2015,242,Random House Books for Young Readers
Taran Wanderer,Lloyd Alexander,4.14,34526,926,2006,222,Square Fish
The Diamond of Darkhold,Jeanne DuPrau,3.8,22544,1717,2008,293,Random House
Rapunzel's Revenge,Shannon Hale,3.87,14626,2116,2008,144,Bloomsbury USA Childrens
The Remarkable Journey of Coyote Sunrise,Dan Gemeinhart,4.55,1243,381,2019,344,Henry Holt
Al Capone Does My Shirts,Gennifer Choldenko,3.84,37463,3711,2006,225,Puffin Books
All the Answers,Kate Messner,4.08,3088,501,2015,256,Bloomsbury USA Childrens
The Best Christmas Pageant Ever,Barbara Robinson,4.18,41918,2580,2005,128,HarperCollins
The Castle of Llyr,Lloyd Alexander,4.08,31153,843,2006,174,Square Fish
Farmer Boy,Laura Ingalls Wilder,4.06,50587,1859,2007,357,HarperTrophy
Rebound,Kwame Alexander,4.27,5838,830,2018,416,HMH Books for Young Readers
The Science of Breakable Things,Tae Keller,4.21,921,262,2018,173,Random House
These Happy Golden Years,Laura Ingalls Wilder,4.18,59503,1173,1953,289,"Harper &amp; Row, Publishers"
Nest,Esther Ehrlich,3.98,3190,703,2014,336,Wendy Lamb Books
The Secret Hum of a Daisy,Tracy Holczer,4.07,2499,475,2014,312,G.P. Putnam's Sons Books for Young Readers
Chomp,Carl Hiaasen,3.95,16691,2122,2012,306,Knopf Books for Young Readers
13 Treasures,Michelle Harrison,4.04,8127,919,2010,368,Little Brown and Company
The Unbeatable Squirrel Girl: Squirrel Meets World,Shannon Hale,4.14,2452,670,2017,324,Marvel Press
West of the Moon,Margi Preus,3.73,3534,590,2014,213,Harry N. Abrams
The Cricket in Times Square,George Selden,4.02,56147,1529,1999,134,Yearling
The Dark Hills Divide,Patrick Carman,3.72,20421,910,2005,272,Scholastic
The Thief,Megan Whalen Turner,3.89,55420,6493,2005,280,Greenwillow Books
Auggie & Me: Three Wonder Stories,R.J. Palacio,4.36,21498,2495,2015,303,Corgi Childrens
Schooled,Gordon Korman,3.83,24157,2689,2007,224,Hyperion Books for Children
The Birchbark House,Louise Erdrich,3.95,5677,915,2002,256,Hyperion Books for Children
The Book of Boy,Catherine Gilbert Murdock,3.82,1276,356,2018,293,Greenwillow
Counting Thyme,Melanie Conklin,4.26,1950,378,2016,300,G.P. Putnam's Sons Books for Young Readers
The Great Greene Heist,Varian Johnson,3.85,2175,441,2014,240,Arthur A. Levine Books
Jinx,Sage Blackwood,4.03,5911,590,2013,368,HarperCollins
A Tale of Two Castles,Gail Carson Levine,3.75,7586,859,2011,328,HarperTeen
The Wolves of Willoughby Chase,Joan Aiken,4.08,16791,1107,2000,181,Delacorte Press
Little Town on the Prairie,Laura Ingalls Wilder,4.18,76093,1016,2007,374,HarperTrophy
The Girl of Ink and Stars,Kiran Millwood Hargrave,3.69,5508,900,2016,228,Chicken House
The Mark of the Dragonfly,Jaleigh Johnson,4.05,5087,828,2014,400,Delacorte Books for Young Readers
A Face Like Glass,Frances Hardinge,4.19,4716,905,2012,496,Pan Macmillan Children's
Disney after Dark,Ridley Pearson,3.91,23266,2462,2005,326,Disney Press
A Year Down Yonder,Richard Peck,4.11,26593,1798,2002,160,Puffin Books
Full Cicada Moon,Marilyn Hilton,4.32,3874,661,2015,400,Dial Books for Young Readers
Percy Jackson's Greek Heroes,Rick Riordan,4.5,19942,1385,2015,404,Disney - Hyperion Books
The Julian Chapter,R.J. Palacio,4.31,20097,2230,2014,84,Knopf Books for Young Readers
The High King,Lloyd Alexander,4.24,48739,1068,2006,253,
The Trumpet of the Swan,E.B. White,4.07,62994,2009,2000,252,
The Lotterys Plus One,Emma Donoghue,3.39,1527,400,2017,303,
The Epic Fail of Arturo Zamora,Pablo Cartaya,3.97,1532,364,2017,256,
The Last Guardian,Eoin Colfer,4.14,47224,2173,2012,328,
Castle in the Air,Diana Wynne Jones,3.93,32029,1985,2001,298,
The Unusual Suspects,Michael Buckley,4.23,20375,940,2007,292,
Stormbreaker,Anthony Horowitz,3.98,79786,4868,2004,256,
Physik,Angie Sage,4.0,47627,1210,2007,545,
Pictures of Hollis Woods,Patricia Reilly Giff,4.01,26245,1948,2004,166,
Posted,John David  Anderson,4.04,2954,594,2017,384,
Snow White: A Graphic Novel,Matt Phelan,3.83,5853,1068,2016,216,
The Ethan I Was Before,Ali Standish,4.3,1560,356,2017,368,
Blackbird Fly,Erin Entrada Kelly,4.14,1473,318,2015,296,
The Thing About Luck,Cynthia Kadohata,3.68,4553,667,2013,270,
So You Want to Be a Wizard,Diane Duane,3.82,24517,1085,2003,323,
Beyond the Grave,Jude Watson,3.91,42859,922,2009,190,
Revenge of the Witch,Joseph Delaney,3.98,38299,2989,2006,344,
The Case of the Missing Moonstone,Jordan Stratford,3.85,1803,392,2015,240,
When Did You See Her Last?,Lemony Snicket,4.08,7678,779,2013,279,
The Atlantis Complex,Eoin Colfer,3.97,47639,1818,2010,357,
Freak the Mighty,Rodman Philbrick,4.0,40423,3997,2001,169,
Among the Impostors,Margaret Peterson Haddix,4.06,25999,1339,2002,172,
The Cabinet of Wonders,Marie Rutkoski,3.94,4365,538,2008,258,
The Dragon with a Chocolate Heart,Stephanie Burgis,4.3,1240,347,2017,,
The Misadventures of the Family Fletcher,Dana Alison Levy,3.98,2356,444,2014,272,
A Wrinkle in Time: The Graphic Novel,Hope Larson,3.92,16659,1795,2012,392,
Every Soul a Star,Wendy Mass,4.1,20301,1818,2008,322,
The London Eye Mystery,Siobhan Dowd,3.83,10152,1318,2007,333,
Ballet Shoes,Noel Streatfeild,4.07,30512,1187,2003,233,
The Assassination of Brangwain Spurge,M.T. Anderson,4.15,1490,440,2018,525,
From the Notebooks of a Middle School Princess,Meg Cabot,3.95,2753,472,2015,192,
The Truth About Twinkie Pie,Kat Yeh,4.12,1875,375,2015,352,
House of Secrets,Chris Columbus,3.81,10065,975,2013,490,
Storybound,Marissa Burt,3.86,4606,497,2012,403,
Mr. Popper's Penguins,Richard Atwater,3.97,57975,2432,1992,139,
Olive's Ocean,Kevin Henkes,3.78,12358,1217,2005,217,
"Ida B. . . and Her Plans to Maximize Fun, Avoid Disaster, and (Possibly) Save the World",Katherine Hannigan,3.87,21841,1748,2011,272,
A Crooked Kind of Perfect,Linda Urban,3.86,11974,1175,2007,224,
The Golden Tower,Holly Black,4.07,4011,542,2018,256,
"Swing it, Sunny",Jennifer L. Holm,4.03,3667,541,2017,224,
The Girl in the Well Is Me,Karen Rivers,3.5,1370,367,2016,224,
Talking to Dragons,Patricia C. Wrede,4.2,31492,653,2003,255,
The Mother-Daughter Book Club,Heather Vogel Frederick,4.06,11606,1277,2007,245,
The Icebound Land,John Flanagan,4.23,60155,2089,2007,266,
Superfudge,Judy Blume,3.99,57535,1347,2007,192,
Wish,Barbara O'Connor,4.31,4574,724,2016,240,
The Seventh Most Important Thing,Shelley Pearsall,4.06,5791,881,2015,288,
Loot,Jude Watson,3.97,4793,772,2014,272,
Space Case,Stuart Gibbs,4.25,5660,774,2014,352,
"Five, Six, Seven, Nate!",Tim Federle,4.12,2370,382,2014,295,
The Forgotten Sisters,Shannon Hale,4.15,6570,917,2015,336,
The Girl Who Soared Over Fairyland and Cut the Moon in Two,Catherynne M. Valente,4.01,4628,704,2013,248,
Bliss,Kathryn Littlewood,3.81,5921,835,2012,374,
Hard Luck,Jeff Kinney,4.28,49976,2839,2013,217,
The Grimm Legacy,Polly Shulman,3.88,14568,2228,2010,325,
Ender's Game,Orson Scott Card,4.3,996348,40938,1994,324,
The Dollmaker of Krakow,R.M. Romero,4.1,1827,505,2017,336,
A Boy Called Bat,Elana K. Arnold,4.03,2378,457,2017,208,
Full of Beans,Jennifer L. Holm,4.05,2265,485,2016,208,
The Long Haul,Jeff Kinney,4.33,40240,3090,2014,224,
Hook's Revenge,Heidi Schulz,3.99,1073,272,2014,304,
"Princeless, Vol. 1: Save Yourself",Jeremy Whitley,3.99,7867,746,2012,140,
Starry River of the Sky,Grace Lin,4.11,6746,734,2012,,
The Wig in the Window,Kristen Kittscher,3.97,1341,217,2013,368,
The Diary of a Young Girl,Anne Frank,4.12,2365577,24607,1993,304,
Countdown,Deborah Wiles,3.9,9548,1434,2010,394,
Mister Monday,Garth Nix,3.78,33220,1409,2006,384,
Scary Stories to Tell in the Dark,Alvin Schwartz,4.07,45221,1929,1989,112,
The Whipping Boy,Sid Fleischman,3.55,21029,1262,2003,90,
Lu,Jason Reynolds,4.35,1608,364,2018,,
The List,Patricia Forde,3.63,2132,622,2017,336,
Where the Watermelons Grow,Cindy  Baldwin,4.21,906,272,2018,256,
Kristy's Great Idea,Ann M. Martin,3.96,26191,985,1995,153,
Frazzled: Everyday Disasters and Impending Doom,Booki Vivat,3.86,1415,326,2016,225,
The Map to Everywhere,Carrie Ryan,4.07,1766,320,2014,448,
House of Many Ways,Diana Wynne Jones,4.05,23824,1739,2008,416,
Everything on a Waffle,Polly Horvath,3.71,10014,851,2004,150,
Treasure Island,Robert Louis Stevenson,3.83,352281,9517,2001,311,
Blended,Sharon M. Draper,3.97,1675,390,2018,308,
The Empty Grave,Jonathan Stroud,4.59,6609,1215,2017,448,
"Forever, or a Long, Long Time",Caela Carter,4.42,1178,279,2017,336,
Scar Island,Dan Gemeinhart,3.99,2263,479,2017,256,
The Apprentice Witch,James  Nicol,3.92,1462,361,2017,323,
The Menagerie,Tui T. Sutherland,4.26,3249,327,2013,288,
The Wide-Awake Princess,E.D. Baker,4.1,11185,961,2010,261,
The Black Circle,Patrick Carman,4.01,47175,768,2009,168,
The Imaginary,A.F. Harrold,4.01,2461,563,2014,224,
The Water Castle,Megan Frazer Blakemore,3.83,2789,385,2013,344,
Charlie Bone and the Time Twister,Jenny Nimmo,3.89,21114,543,2003,,
To Night Owl from Dogfish,Holly Goldberg Sloan,4.13,850,246,2019,304,
Frogkisser!,Garth Nix,3.78,3506,918,2017,372,
The Pants Project,Cat Clarke,4.07,1054,282,2017,272,
A Swiftly Tilting Planet,Madeleine L'Engle,4.12,94613,2111,1981,278,
I Kill the Mockingbird,Paul Acampora,3.78,3572,762,2014,176,
Everblaze,Shannon Messenger,4.67,8336,686,2014,624,
Serafina and the Twisted Staff,Robert  Beatty,4.28,5688,860,2016,370,
The Glass Town Game,Catherynne M. Valente,3.74,796,231,2017,544,
The Voyage to Magical North,Claire Fayers,4.02,512,147,2016,320,
Fire and Ice,Erin Hunter,4.37,39345,1580,2004,317,
Ninth Ward,Jewell Parker Rhodes,3.99,5443,875,2010,217,
In Too Deep,Jude Watson,4.03,40703,698,2009,206,
Joey Pigza Swallowed the Key,Jack Gantos,3.75,15722,966,2001,160,
Jacob Have I Loved,Katherine Paterson,3.66,29107,1840,2003,244,
The Candy Shop War,Brandon Mull,4.05,23451,2318,2007,404,
Peter and the Shadow Thieves,Dave Barry,4.15,33054,1362,2006,557,
The Last,Katherine Applegate,4.15,1526,369,2267,,
Garvey's Choice,Nikki Grimes,4.02,2876,671,2016,120,
The Scourge,Jennifer A. Nielsen,3.89,2733,540,2016,368,
When Friendship Followed Me Home,Paul Griffin,4.22,2696,590,2016,240,
A Boy Called Christmas,Matt Haig,4.13,5592,892,2015,266,
Some Kind of Courage,Dan Gemeinhart,4.35,2635,726,2016,234,
Beyond the Kingdoms,Chris Colfer,4.51,19299,1395,2015,433,
Half a Chance,Cynthia Lord,4.0,5555,676,2014,218,
The Extraordinary Education of Nicholas Benedict,Trenton Lee Stewart,4.35,11484,1010,2012,470,
The Humming Room,Ellen Potter,3.83,4417,555,2012,192,
Breaking Stalin's Nose,Eugene Yelchin,3.81,7884,1197,2011,160,
Johnny Tremain,Esther Forbes,3.63,36644,2124,1987,322,
Queste,Angie Sage,4.05,48262,1022,2008,596,
Anne of the Island,L.M. Montgomery,4.23,112819,3005,1983,272,
Blubber,Judy Blume,3.79,29444,1159,2006,127,
The Kneebone Boy,Ellen Potter,3.93,3114,547,2010,288,
The Hundred Dresses,Eleanor Estes,4.09,30756,2388,2004,80,
The Battle for Skandia,John Flanagan,4.33,73921,1836,2008,294,
Winnie-the-Pooh,A.A. Milne,4.34,237488,3869,2001,145,
The Journey of Little Charlie,Christopher Paul Curtis,4.13,1216,336,1898,,
Tilly and the Bookwanderers,Anna     James,4.27,919,225,2018,400,
The Warden's Daughter,Jerry Spinelli,3.67,2653,511,2017,,
The Meaning of Maggie,Megan Jean Sovern,4.07,2574,408,2014,220,
Flights and Chimes and Mysterious Times,Emma Trevayne,3.61,952,205,2014,314,
Middle School: The Worst Years of My Life,James Patterson,4.03,18121,2206,2011,288,
The Sign of the Beaver,Elizabeth George Speare,3.79,28711,1552,1983,148,
House Arrest,K.A. Holt,4.19,6078,1047,2015,304,
Phoebe and Her Unicorn,Dana Simpson,4.09,8608,679,2014,222,
The Eighth Day,Dianne K. Salerni,4.03,3325,572,2014,320,
Storm Warning,Linda Sue Park,3.99,43989,632,2010,190,
The Dreamer,Pam Muñoz Ryan,3.96,5546,1006,2010,384,
The Emperor's Code,Gordon Korman,4.04,40242,549,2010,190,
Flush,Carl Hiaasen,3.88,24686,2363,2005,263,
Ghosts of Greenglass House,Kate Milford,4.05,1387,286,2017,464,
Sanity & Tallulah,Molly Brooks,3.95,710,192,2018,240,
Nightlights,Lorena Alvarez Gomez,3.89,3033,596,2017,60,
Firelight,Kazu Kibuishi,4.42,6917,755,2016,199,
Zebra Forest,Adina Rishe Gewirtz,3.75,3277,480,2013,208,
The Unseen Guest,Maryrose Wood,4.06,5013,594,2013,340,
The Great Unexpected,Sharon Creech,3.74,4510,622,2012,226,
Welcome to Dead House,R.L. Stine,3.84,24004,1247,2003,126,
The Sinister Sweetness of Splendid Academy,Nikki Loftin,3.98,1868,235,2012,305,
American Born Chinese,Gene Luen Yang,3.88,61730,7062,2006,240,
The Devil's Arithmetic,Jane Yolen,4.01,51365,2148,2004,170,
There's a Boy in the Girls' Bathroom,Louis Sachar,3.98,18052,1601,1997,195,
Aquicorn Cove,Katie O'Neill,4.03,1932,542,2018,96,
Ogre Enchanted,Gail Carson Levine,3.61,1749,310,2018,352,
The Problem Child,Michael Buckley,4.28,17722,631,2006,320,
Watership Down,Richard  Adams,4.06,350712,11980,1975,478,
Hattie Big Sky,Kirby Larson,3.98,14718,1956,2007,289,
Fly by Night,Frances Hardinge,3.78,5657,685,2006,486,
Once Upon a Marigold,Jean Ferris,3.99,22392,1513,2004,271,
First Light,Rebecca Stead,3.85,5266,784,2007,328,
How to Eat Fried Worms,Thomas Rockwell,3.76,42766,982,2006,128,
Feathers,Jacqueline Woodson,3.67,5778,1062,2007,118,
Jeremy Fink and the Meaning of Life,Wendy Mass,4.02,17640,1615,2006,289,
Waiting for Normal,Leslie Connor,4.03,10738,1307,2008,290,
Betty Before X,Ilyasah Shabazz,4.12,844,189,2018,256,
Escape from Aleppo,N.H. Senzai,4.03,830,200,2018,256,
The Crooked Sixpence,Jennifer Bell,3.87,1644,281,2017,320,
The Luck Uglies,Paul Durham,4.05,2173,290,2014,395,
The Center of Everything,Linda Urban,3.77,3847,375,2013,208,
Mistakes Were Made,Stephan Pastis,3.89,4996,812,2013,294,
Goblin Secrets,William  Alexander,3.55,2027,459,2012,240,
The Book Thief,Markus Zusak,4.37,1552431,103471,2006,552,
Forest of Secrets,Erin Hunter,4.42,36756,1274,2004,312,
Rising Storm,Erin Hunter,4.39,34244,991,2005,336,
The Viper's Nest,Peter Lerangis,3.98,41799,602,2010,190,
Danny the Champion of the World,Roald Dahl,4.08,51242,2197,2002,224,
Otherwise Known as Sheila the Great,Judy Blume,3.95,35967,689,2007,160,
The Lost Girl,Anne Ursu,4.2,397,117,2019,368,
"Lumberjanes, Vol. 2:  Friendship to the Max",Noelle Stevenson,4.18,17178,1620,2015,126,
Arsenic for Tea,Robin  Stevens,4.29,2910,392,2015,339,
The Fog Diver,Joel N. Ross,4.07,1404,276,2015,332,
The Inn Between,Marina Cohen,3.71,790,241,2016,208,
The Staff of Serapis,Rick Riordan,4.31,19725,859,2014,60,
Target Practice,Mike Maihack,4.08,5903,465,2014,176,
Crush,Svetlana Chmakova,4.52,1942,412,2018,240,
Property of the Rebel Librarian,Allison Varnes,4.05,851,271,2018,275,
Tumble & Blue,Cassie Beasley,3.94,1125,259,2017,400,
The Penderwicks at Last,Jeanne Birdsall,4.08,2833,631,2018,256,
The Peculiar Incident on Shady Street,Lindsay Currie,4.07,637,207,2017,304,
Old School,Jeff Kinney,4.3,28359,2423,2015,224,
Chasing Secrets,Gennifer Choldenko,3.8,1897,356,2015,288,
Hoodoo,Ronald L.  Smith,3.78,942,249,2015,224,
Darth Paper Strikes Back,Tom Angleberger,4.12,12723,895,2011,163,
The Year of Billy Miller,Kevin Henkes,3.77,7631,1160,2013,240,
The Absolutely True Diary of a Part-Time Indian,Sherman Alexie,4.11,202413,22124,2007,230,
Into the Gauntlet,Margaret Peterson Haddix,3.95,58555,889,2010,327,
Charlie Bone and the Invisible Boy,Jenny Nimmo,3.9,21129,421,2004,408,
Running Out of Time,Margaret Peterson Haddix,3.98,21977,1426,2004,184,
Misty of Chincoteague,Marguerite Henry,4.05,38613,1017,2006,176,
The Adventures of Huckleberry Finn,Mark Twain,3.81,1073914,14005,2002,327,
The Rithmatist,Brandon Sanderson,4.25,43942,5598,2014,353,
The Season of Styx Malone,Kekla Magoon,4.11,643,164,2018,304,
Foxheart,Claire Legrand,3.97,518,119,2016,480,
"Stef Soto, Taco Queen",Jennifer    Torres,3.92,1100,231,2017,176,
My Diary from the Edge of the World,Jodi Lynn Anderson,4.1,1128,261,2015,432,
Shadow Magic,Joshua Khan,4.14,1343,332,2016,336,
The Curious World of Calpurnia Tate,Jacqueline Kelly,4.23,2934,603,2015,315,
Once Was a Time,Leila Sales,4.05,903,232,2016,322,
A Dangerous Path,Erin Hunter,4.44,32696,879,2005,313,
The Giving Tree,Shel Silverstein,4.37,809946,16102,1964,64,
Sandry's Book,Tamora Pierce,4.01,35369,981,2006,252,
The Wee Free Men,Terry Pratchett,4.27,82398,3672,2004,390,
The Golem's Eye,Jonathan Stroud,4.1,79305,1856,2006,562,
In the Hand of the Goddess,Tamora Pierce,4.25,77580,1752,2005,264,
"Drum Roll, Please",Lisa Jenn Bigelow,4.21,421,124,2018,320,
Fake Blood,Whitney Gardner,3.74,1517,314,2018,300,
Neverseen,Shannon Messenger,4.7,7244,718,2015,672,
Absolutely Truly,Heather Vogel Frederick,4.02,2499,457,2014,368,
The Hero's Guide to Storming the Castle,Christopher Healy,4.22,4121,421,2013,477,
"I'd Tell You I Love You, But Then I'd Have to Kill You",Ally Carter,3.83,165819,7115,2006,284,
Among the Betrayed,Margaret Peterson Haddix,4.07,22578,1002,2002,160,
The Angel Experiment,James Patterson,4.08,195156,9061,2006,413,
Mrs. Piggle-Wiggle,Betty MacDonald,4.16,49411,1246,2007,144,
Clementine,Sara Pennypacker,3.92,17992,1790,2006,144,
The Grey King,Susan Cooper,4.19,33050,796,2007,165,
The House with Chicken Legs,Sophie   Anderson,4.1,1554,309,2018,337,
Warren the 13th and The All-Seeing Eye,Tania del Rio,4.09,1356,433,2015,224,
The Secret of the Fortune Wookiee,Tom Angleberger,4.01,10709,578,2012,202,
Hold Fast,Blue Balliett,3.83,4023,553,2013,288,
How to Be a Pirate,Cressida Cowell,4.07,11890,925,2005,211,
"If You're Reading This, It's Too Late",Pseudonymous Bosch,4.23,21918,938,2008,385,
Molly Moon's Incredible Book of Hypnotism,Georgia Byng,3.88,21244,841,2004,371,
Scat,Carl Hiaasen,3.95,16323,1999,2009,386,
The Storm Keeper's Island,Catherine Doyle,4.3,934,238,2018,320,
The Someday Birds,Sally J. Pla,4.26,1480,329,2017,336,
Dragonwatch,Brandon Mull,4.32,6930,885,2017,384,
"Horten's Miraculous Mechanisms: Magic, Mystery,  a Very Strange Adventure",Lissa Evans,3.91,3022,495,2012,272,
Pennyroyal Academy,M.A. Larson,3.79,2538,425,2014,320,
The Darkest Hour,Erin Hunter,4.53,33765,1151,2005,315,
Theodore Boone: Kid Lawyer,John Grisham,3.74,27811,3287,2010,4,
"Love, Aubrey",Suzanne LaFleur,4.2,9615,1114,2009,272,
Ramona the Brave,Beverly Cleary,4.11,51754,666,2000,160,
Beyond the Deepwoods,Paul Stewart,4.04,12676,780,2006,288,
Penny from Heaven,Jennifer L. Holm,3.99,8107,777,2006,288,
Hate That Cat,Sharon Creech,3.9,7844,1272,2008,160,
The Mad Wolf's Daughter,Diane Magras,4.22,567,183,2018,288,
Greetings from Witness Protection!,Jake Burt,4.29,1632,390,2017,368,
Paper Things,Jennifer Richard Jacobson,4.16,2794,571,2015,384,
Nightingale's Nest,Nikki Loftin,3.88,1203,243,2014,256,
Small as an Elephant,Jennifer Richard Jacobson,3.97,6448,941,2011,275,
The Clockwork Three,Matthew J. Kirby,3.99,6548,1040,2010,395,
Elijah of Buxton,Christopher Paul Curtis,3.92,11884,1498,2007,341,
Book of a Thousand Days,Shannon Hale,3.96,44886,5952,2007,306,
Cloud and Wallfish,Anne Nesbet,4.05,1157,288,2016,400,
Grounded: The Adventures of Rapunzel,Megan   Morrison,4.16,2047,310,2015,384,
The Girl Who Could Not Dream,Sarah Beth Durst,4.16,1020,237,2015,384,
Rules for Stealing Stars,Corey Ann Haydu,3.92,900,202,2015,336,
Spy School,Stuart Gibbs,4.2,8781,839,2012,304,
The Ice Dragon,George R.R. Martin,3.78,13710,1948,2017,112,
The Breadwinner,Deborah Ellis,3.96,17509,1866,2001,171,
The Doll People,Ann M. Martin,4.03,13524,1204,2003,288,
Sal and Gabi Break the Universe,Carlos  Hernandez,4.23,316,110,2019,382,
Lumberjanes: Unicorn Power!,Mariko Tamaki,3.78,652,221,2017,239,
Summer of the Gypsy Moths,Sara Pennypacker,3.91,4514,508,2012,275,
Shug,Jenny Han,3.99,9826,1172,2006,248,
The Hidden Witch,Molly Ostertag,4.29,1423,269,2018,224,
The Benefits of Being an Octopus,Ann Braden,4.48,1113,385,2018,256,
Through the Looking-Glass and What Alice Found There,Lewis Carroll,4.05,89616,2608,1993,228,
An Author's Odyssey,Chris Colfer,4.48,14005,1082,2016,448,
The Accidental Afterlife of Thomas Marsden,Emma Trevayne,3.42,615,145,2015,247,
Castle Hangnail,Ursula Vernon,4.21,1993,429,2015,384,
The Boy on the Porch,Sharon Creech,3.9,4899,835,2013,160,
Icefall,Matthew J. Kirby,3.99,5079,867,2011,324,
Scumble,Ingrid Law,4.04,12206,831,2010,400,
Once Upon a Crime,Michael Buckley,4.27,17369,514,2007,272,
Home of the Brave,Katherine Applegate,4.25,7864,1220,2007,249,
Charlie Bone and the Castle of Mirrors,Jenny Nimmo,3.9,21652,326,2005,432,
Al Capone Shines My Shoes,Gennifer Choldenko,4.0,7067,804,2009,274,
The House of the Scorpion,Nancy Farmer,4.1,71502,5988,2004,380,
The Last Fifth Grade of Emerson Elementary,Laura Shovan,4.05,1222,305,2016,227,
The Night Parade,Kathryn Tanquary,3.78,761,215,2016,320,
Secret Coders,Gene Luen Yang,3.91,3012,430,2015,96,
A Nearer Moon,Melanie  Crowder,3.72,614,158,2015,154,
"Enchanted Air: Two Cultures, Two Wings",Margarita Engle,4.05,2158,435,2015,192,
Thursdays with the Crown,Jessica Day George,4.09,3035,361,2014,224,
Upside Down in the Middle of Nowhere,Julie T. Lamana,4.23,3170,535,2014,320,
Fake Mustache,Tom Angleberger,3.82,3752,464,2012,208,
The Fire Chronicle,John  Stephens,4.24,7172,658,2012,437,
Close to Famous,Joan Bauer,4.03,8516,971,2011,250,
Leviathan,Scott Westerfeld,3.91,80046,6801,2009,440,
The Sorcerer in the North,John Flanagan,4.26,53101,1548,2009,304,
"You Don't Know Everything, Jilly P!",Alex Gino,3.95,684,199,2018,256,
Fish Girl,David Wiesner,3.68,1713,391,2017,186,
Unbound: A Novel in Verse,Ann E. Burg,4.19,1891,364,2016,347,
Cuckoo Song,Frances Hardinge,3.95,5219,990,2014,409,
The Interrupted Tale,Maryrose Wood,4.16,3213,415,2013,385,
Into the Land of the Unicorns,Bruce Coville,4.06,16863,622,1999,176,
Many Waters,Madeleine L'Engle,3.99,40013,1507,2007,352,
Lizzie Bright and the Buckminster Boy,Gary D. Schmidt,3.87,8602,1345,2006,219,
The Ordinary Princess,M.M. Kaye,4.18,11765,1312,2002,112,
The Secret of Nightingale Wood,Lucy Strange,4.21,1675,402,2016,304,
"Well, That Was Awkward",Rachel Vail,3.91,1339,339,2017,314,
Wolf Brother,Michelle Paver,4.16,20131,1390,2006,295,
The Other Boy,M.G. Hennessey,4.2,1182,260,2016,240,
Compass South,Hope Larson,3.96,1491,262,2016,224,
The Odds of Getting Even,Sheila Turnage,4.31,1817,288,2015,352,
Nicholas St. North and the Battle of the Nightmare King,William Joyce,4.05,5051,795,2011,228,
The Aviary,Kathleen O'Dell,3.75,4591,556,2011,337,
Juniper Berry,M.P. Kozlowsky,3.77,1667,272,2011,227,
This Book Is Not Good for You,Pseudonymous Bosch,4.29,19508,695,2009,394,
Our Only May Amelia,Jennifer L. Holm,3.82,7518,521,2001,272,
Dragon Flight,Jessica Day George,4.19,17780,873,2008,262,
Ramona and Her Father,Beverly Cleary,4.03,25587,643,2000,160,
Greenwitch,Susan Cooper,4.0,25376,748,1997,147,
The Last Kids on Earth,Max Brallier,4.21,3469,639,2015,240,
Alice in Wonderland,Jane Carruth,4.03,356387,5090,2004,92,
Revolution,Deborah Wiles,4.1,3636,557,2014,538,
The Twistrose Key,Tone Almhjell,3.79,1921,345,2013,366,
Sure Signs of Crazy,Karen Harrington,3.94,3253,505,2013,288,
My Sister Lives on the Mantelpiece,Annabel Pitcher,4.0,11342,1474,2011,,
Ordinary Magic,Caitlen Rubino-Bradway,4.02,2110,238,2012,277,
Lemony Snicket: The Unauthorized Autobiography,Lemony Snicket,3.74,16360,691,2003,218,
Cleopatra VII: Daughter of the Nile - 57 B.C.,Kristiana Gregory,3.88,8594,454,2006,,
Just Ella,Margaret Peterson Haddix,3.75,32337,1584,2007,240,
The Hidden Staircase,Carolyn Keene,3.95,28615,1349,1992,182,
The Princess Diaries,Meg Cabot,3.78,218591,4881,2001,283,
The Lemonade War,Jacqueline Davies,3.9,13586,1456,2007,192,
Dactyl Hill Squad,Daniel José Older,3.92,434,146,2018,272,
Upside-Down Magic,Sarah Mlynowski,4.15,2543,457,2015,196,
The Castle Behind Thorns,Merrie Haskell,3.93,1472,276,2014,332,
Bomb: The Race to Build—and Steal—the World's Most Dangerous Weapon,Steve Sheinkin,4.13,13464,2797,2012,266,
The Flame of Olympus,Kate O'Hearn,4.26,7045,683,2013,385,
The Mostly True Story of Jack,Kelly Barnhill,3.53,2200,416,2011,323,
The Lives of Christopher Chant,Diana Wynne Jones,4.23,19693,508,1998,240,
The Fire Within,Chris d'Lacey,3.77,26241,1522,2007,340,
"Anastasia: The Last Grand Duchess, Russia, 1914",Carolyn Meyer,3.9,8260,369,2000,219,
A Corner of the Universe,Ann M. Martin,4.07,13448,1219,2005,224,
Locomotion,Jacqueline Woodson,3.98,5521,943,2004,112,
"Bone, Vol, 1: Out from Boneville",Jeff Smith,4.16,68726,2056,2005,138,
Five Children and It,E. Nesbit,3.88,20705,909,1996,237,
The Explorer,Katherine Rundell,4.15,1861,364,2017,336,
Just Like Jackie,Lindsey Stoddard,4.35,658,212,2018,256,
The First Four Years,Laura Ingalls Wilder,3.88,31871,895,2007,126,
Harriet the Invincible,Ursula Vernon,4.1,2737,449,2015,250,
Half a World Away,Cynthia Kadohata,3.81,1569,310,2014,225,
Shouldn't You Be in School?,Lemony Snicket,4.17,5141,503,2014,327,
The Cabinet of Earths,Anne Nesbet,3.75,1319,167,2012,266,
Forge,Laurie Halse Anderson,4.14,12162,1434,2011,297,
Syren,Angie Sage,4.11,29699,800,2010,628,
Becoming Naomi León,Pam Muñoz Ryan,4.03,10973,951,2005,246,
Sadako and the Thousand Paper Cranes,Eleanor Coerr,4.11,18812,1406,1999,80,
Things Not Seen,Andrew Clements,3.89,23873,1844,2004,256,
The Wright 3,Blue Balliett,3.9,8944,606,2006,318,
No Talking,Andrew Clements,3.95,15944,1152,2007,146,
Which Witch?,Eva Ibbotson,3.93,11204,532,2009,186,
Song for a Whale,Lynne   Kelly,4.3,433,133,2019,303,
The Poet's Dog,Patricia MacLachlan,4.1,2230,527,2016,112,
P.S. I Miss You,Jen Petro-Roy,4.14,565,201,2018,320,
Lord of the Flies,William Golding,3.66,1919492,31963,1999,182,
Hildafolk,Luke Pearson,4.19,4674,528,2010,24,
Fairest of All,Sarah Mlynowski,4.04,6290,666,2012,169,
Capture the Flag,Kate Messner,3.83,3632,484,2012,240,
Deadweather and Sunrise,Geoff Rodkey,3.93,2242,239,2012,296,
The Siege of Macindaw,John Flanagan,4.34,48158,1368,2006,320,
The Familiars,Adam Jay Epstein,4.08,7325,709,2010,360,
The Little White Horse,Elizabeth Goudge,4.09,10396,871,2001,238,
Wild Magic,Tamora Pierce,4.33,63822,1873,2005,362,
Gossamer,Lois Lowry,3.89,14431,1684,2006,144,
Anastasia Krupnik,Lois Lowry,3.88,13883,420,1984,113,
The Princess and the Goblin,George MacDonald,4.01,26524,1577,1997,241,
Silver on the Tree,Susan Cooper,4.15,29327,682,2000,274,
The Year of the Dog,Grace Lin,3.91,5336,568,2007,160,
Click'd,Tamara Ireland Stone,3.92,828,250,2017,304,
The House That Lou Built,Mae Respicio,4.02,340,117,3372,,
The Crown of Ptolemy,Rick Riordan,4.38,13999,765,2015,63,
Journey's End,Rachel Hawkins,3.89,514,94,2016,304,
The Book of Lost Things,Cynthia Voigt,3.71,2274,473,2013,374,
How Mirka Got Her Sword,Barry  Deutsch,3.75,6758,794,2010,144,
"Destiny, Rewritten",Kathryn Fitzmaurice,3.85,1187,199,2013,338,
Midnight,Erin Hunter,4.28,29745,895,2006,348,
A Mutiny in Time,James Dashner,3.76,5958,690,2012,192,
Charlie Bone and the Hidden King,Jenny Nimmo,3.99,21058,329,2006,441,
Betsy-Tacy,Maud Hart Lovelace,4.07,21104,1022,2007,144,
Dragon Spear,Jessica Day George,4.18,13054,707,2009,248,
The Woman Who Rides Like a Man,Tamora Pierce,4.21,62970,1398,2005,284,
"Millicent Min, Girl Genius",Lisa Yee,3.76,4083,345,2006,272,
The Call of the Wild,Jack London,3.85,286789,8459,2001,172,
Making Friends,Kristen Gudsnuk,3.75,1964,214,2018,272,
The Darkdeep,Ally Condie,3.82,545,180,2018,272,
The Sand Warrior,Mark  Siegel,3.99,1791,339,2017,248,
Quests for Glory,Soman Chainani,4.28,4359,518,2017,18,
If the Magic Fits,Susan Maupin Schmid,4.01,749,177,2016,304,
Lodestar,Shannon Messenger,4.72,6001,597,2016,688,
Red: The True Story of Red Riding Hood,Liesl Shurtliff,4.07,1764,336,2016,256,
The Detective's Assistant,Kate Hannigan,3.9,1247,270,2015,368,
The Truth About Stacey,Raina Telgemeier,4.36,8104,489,2006,144,
Coraline,P. Craig Russell,3.97,18782,1667,2008,192,
The Lightning Thief: The Graphic Novel,Robert Venditti,3.99,16373,1221,2010,135,
Peter and the Secret of Rundoon,Dave Barry,4.16,20852,897,2007,482,
Dying to Meet You,Kate Klise,4.02,7531,885,2009,155,
Loser,Jerry Spinelli,3.73,17390,1828,2002,218,
The Way to Bea,Kat Yeh,4.15,648,162,2017,352,
Inkling,Kenneth Oppel,4.19,602,181,2018,272,
Worlds Collide,Chris Colfer,4.55,9495,976,2017,480,
Miss Ellicott's School for the Magically Minded,Sage Blackwood,3.68,636,155,2017,368,
The Adventurers Guild,Zack Loran Clark,4.11,589,173,2017,320,
To Kill a Mockingbird,Harper Lee,4.27,3877888,82291,2006,324,
Last Day on Mars,Kevin Emerson,3.9,1129,275,2017,336,
Handbook for Dragon Slayers,Merrie Haskell,3.78,1282,223,2013,336,
Cardboard,Doug TenNapel,4.13,11825,972,2012,288,
"Love, Stargirl",Jerry Spinelli,3.81,36709,3042,2007,288,
This Isn't What It Looks Like,Pseudonymous Bosch,4.3,12699,474,2010,423,
"Elizabeth I: Red Rose of the House of Tudor, England, 1544",Kathryn Lasky,3.92,8742,336,1999,238,
A Living Nightmare,Darren Shan,4.07,47068,3182,2002,272,
Ptolemy's Gate,Jonathan Stroud,4.25,76005,1981,2006,501,
Bloomability,Sharon Creech,4.03,9155,714,2012,273,
The Princess Test,Gail Carson Levine,3.76,10190,299,1999,96,
The Castle in the Attic,Elizabeth Winthrop,3.96,16714,679,1994,179,
Heartbeat,Sharon Creech,3.92,9130,1045,2012,208,
Saving Winslow,Sharon Creech,3.78,1722,337,2018,176,
No Fixed Address,Susin Nielsen,4.37,832,242,2018,288,
The Losers Club,Andrew Clements,4.11,1227,267,2017,231,
Some Writer!: The Story of E. B. White,Melissa Sweet,4.43,3241,928,2016,176,
Unidentified Suburban Object,Mike Jung,3.52,665,159,2016,272,
Drowned City: Hurricane Katrina and New Orleans,Don  Brown,4.02,7352,1170,2015,96,
This One Summer,Mariko Tamaki,3.67,46408,4711,2014,320,
The School Story,Andrew Clements,3.96,10553,653,2002,224,
War Horse,Michael Morpurgo,4.14,36631,4289,2007,165,
Hound Dog True,Linda Urban,3.8,4025,422,2011,160,
Witch Week,Diana Wynne Jones,3.92,11890,447,2001,288,
The Invasion,K.A. Applegate,3.8,12346,755,1996,184,
Ever,Gail Carson Levine,3.44,18999,1704,2008,244,
Ruby Holler,Sharon Creech,4.03,14335,1112,2012,288,
Alcatraz Versus the Scrivener's Bones,Brandon Sanderson,4.11,9740,847,2008,322,
Masterpiece,Elise Broach,3.92,7592,825,2008,292,
Arlo Finch in the Valley of Fire,John August,4.05,1114,250,2018,336,
The Unicorn Quest,Kamilla Benko,4.21,416,126,2018,320,
The Mystery of the Clockwork Sparrow,Katherine Woodfine,3.99,1940,296,2015,320,
The League of Beastly Dreadfuls,Holly Grant,3.65,1061,213,2015,320,
NewsPrints,Ru Xu,3.71,1416,289,2323,,
Hidden: A Child's Story of the Holocaust,Loïc Dauvillier,4.12,6459,688,2014,80,
Mary Anne Saves the Day,Raina Telgemeier,4.36,7539,387,2007,160,
The Hound of Rowan,Henry H. Neff,4.02,11447,767,2007,421,
Half Upon a Time,James  Riley,4.16,5392,525,2010,385,
The Face on the Milk Carton,Caroline B. Cooney,3.72,51144,2618,1996,192,
Tangerine,Edward Bloor,3.61,26436,2543,2006,312,
Chasing Redbird,Sharon Creech,4.08,11185,695,2007,224,
The Fairy's Mistake,Gail Carson Levine,3.79,11912,288,1999,96,
Magic and Other Misdemeanors,Michael Buckley,4.3,17201,454,2007,304,
Wringer,Jerry Spinelli,3.63,12921,957,2004,240,
Prisoner of Ice and Snow,Ruth Lauren,3.95,585,185,2017,288,
The Swap,Megan Shull,4.17,3338,683,2014,382,
Almost Home,Joan Bauer,4.24,7600,906,2012,240,
Tris's Book,Tamora Pierce,4.08,28347,495,2006,251,
Renegade Magic,Stephanie Burgis,4.1,1654,172,2012,336,
Playing with Fire,Derek Landy,4.31,21569,1169,2008,389,
Museum of Thieves,Lian Tanner,3.91,5104,560,2010,312,
Surviving the Applewhites,Stephanie S. Tolan,3.65,10615,681,2003,240,
Emily of New Moon,L.M. Montgomery,4.1,39154,1492,1983,339,
Wayside School Gets A Little Stranger,Louis Sachar,4.19,18483,504,2004,176,
The Merchant of Death,D.J. MacHale,3.94,44393,1888,2002,375,
The Little House Collection,Laura Ingalls Wilder,4.34,134462,2101,2003,2700,
Demigods & Magicians: Percy and Annabeth Meet the Kanes,Rick Riordan,4.35,7439,611,2016,224,
The Wonderling,Mira Bartok,3.82,1004,239,2017,450,
The Remarkable Journey of Charlie Price,Jennifer Maschari,4.12,549,169,2016,304,
The Lie Tree,Frances Hardinge,3.86,16278,2706,2015,410,
Cartwheeling in Thunderstorms,Katherine Rundell,3.99,1583,324,2014,256,
The Grimm Conclusion,Adam Gidwitz,4.21,3578,465,2013,344,
Legends of Zita the Spacegirl,Ben Hatke,4.22,8099,482,2012,224,
Night of the Living Dummy,R.L. Stine,3.83,20895,964,2003,134,
Rose,Holly Webb,3.99,1999,252,2009,259,
The Adventures of Captain Underpants,Dav Pilkey,3.91,31020,2138,2000,125,
Mossflower,Brian Jacques,4.1,61093,780,1998,373,
Among the Brave,Margaret Peterson Haddix,4.15,18324,624,2005,256,
Heart of a Samurai,Margi Preus,3.91,6089,836,2010,305,
The Akhenaten Adventure,P.B. Kerr,3.76,17289,663,2005,384,
A Drowned Maiden's Hair,Laura Amy Schlitz,3.94,4033,625,2006,389,
Missing May,Cynthia Rylant,3.79,11495,642,2004,89,
My Father's Dragon,Ruth Stiles Gannett,4.1,31183,1545,2005,96,
Saffy's Angel,Hilary McKay,3.98,4056,415,2003,160,
Shadow Weaver,MarcyKate Connolly,3.87,603,215,2018,320,
9 From the Nine Worlds,Rick Riordan,3.97,2650,381,2018,176,
Illegal,Eoin Colfer,4.28,2683,624,2017,144,
Aru Shah and the Song of Death,Roshani Chokshi,4.24,103,44,2019,,
One True Way,Shannon Hitchcock,3.83,445,110,2018,224,
Mighty Jack and the Goblin King,Ben Hatke,4.26,1447,291,2017,208,
Lemons,Melissa  Savage,4.15,1072,261,2017,308,
A Pocket Full of Murder,R.J. Anderson,3.95,699,140,2015,352,
The Boy Who Lost Fairyland,Catherynne M. Valente,4.15,2184,391,2015,235,
Omega City,Diana Peterfreund,3.82,593,129,2015,336,
Odin's Ravens,K.L. Armstrong,4.14,3087,261,2014,342,
"The Great Trouble: A Mystery of London, the Blue Death, and a Boy Called Eel",Deborah Hopkinson,3.88,2822,536,2013,249,
The Lost Heir,Tui T. Sutherland,4.52,13222,730,2013,296,
Giants Beware!,Jorge Aguirre,4.02,8063,426,2012,208,
You Have to Stop This,Pseudonymous Bosch,4.33,10207,504,2011,352,
Seeds of Rebellion,Brandon Mull,4.27,24604,1293,2012,512,
Floors,Patrick Carman,3.94,3799,444,2011,261,
Among the Barons,Margaret Peterson Haddix,4.08,19460,691,2004,208,
The Clique,Lisi Harrison,3.6,29369,2446,2004,220,
The Nixie's Song,Tony DiTerlizzi,3.73,9866,440,2007,162,
A Light in the Attic,Shel Silverstein,4.34,342004,2709,2002,176,
The Twenty-One Balloons,William Pène du Bois,3.97,20380,1188,1986,180,
Esio Trot,Roald Dahl,3.74,29398,1542,2003,80,
How to Steal a Dog,Barbara O'Connor,3.92,9331,1061,2007,170,
Ramona and Her Mother,Beverly Cleary,4.09,22261,497,2013,224,
Freckle Juice,Judy Blume,3.83,39315,894,1988,40,
Cogheart,Peter Bunzl,4.06,1543,337,2016,362,
The Littlest Bigfoot,Jennifer Weiner,3.68,1706,321,2016,304,
Tru & Nelle,G. Neri,3.77,1223,335,2016,336,
The Box and the Dragonfly,Ted  Sanders,4.16,1049,167,2015,544,
Alistair Grim's Odditorium,Gregory Funaro,3.87,931,238,2015,432,
The Hero's Guide to Being an Outlaw,Christopher Healy,4.31,2377,285,2014,529,
Jack: The True Story of Jack and the Beanstalk,Liesl Shurtliff,3.97,1866,326,2015,,
Under Wildwood,Colin Meloy,3.93,5564,573,2012,559,
Moonrise,Erin Hunter,4.32,25860,628,2006,320,
Vespers Rising,Rick Riordan,4.12,32138,576,2011,238,
Eight Keys,Suzanne LaFleur,4.06,6285,963,2011,224,
How to Speak Dragonese,Cressida Cowell,4.13,9950,609,2006,256,
Ghostopolis,Doug TenNapel,4.04,11277,1041,2010,272,
Old Yeller,Fred Gipson,4.08,78580,1948,2001,132,
Plain Kate,Erin Bow,3.74,5721,955,2010,314,
The Thirteenth Princess,Diane Zahler,3.94,5704,418,2010,256,
Journey to the River Sea,Eva Ibbotson,4.17,10819,771,2003,304,
All-of-a-Kind Family,Sydney Taylor,4.21,21862,906,2005,188,
The Magic Finger,Roald Dahl,3.68,26017,1451,2001,67,
Criss Cross,Lynne Rae Perkins,3.34,8033,1156,2005,337,
The Hunger Games,Suzanne Collins,4.33,5678768,162099,2008,374,
The Adventures of a Girl Called Bicycle,Christina Uss,4.12,504,158,2018,320,
The Care and Feeding of a Pet Black Hole,Michelle Cuevas,4.09,487,136,2017,208,
The Lost Property Office,James R. Hannibal,3.76,897,220,2016,390,
Harry Potter Series Box Set,J.K. Rowling,4.74,226765,6933,2007,4100,
The Evil Wizard Smallbone,Delia Sherman,3.94,731,183,2016,416,
Sophie Quire and the Last Storyguard,Jonathan Auxier,4.4,1518,276,2016,464,
We Are All Made of Molecules,Susin Nielsen,3.88,9607,1624,2015,256,
Boys of Blur,N.D. Wilson,3.85,1282,303,2014,208,
Star Wars: Jedi Academy,Jeffrey Brown,4.23,8739,910,2013,160,
The Spiderwick Chronicles Box Set,Tony DiTerlizzi,4.04,11321,806,2004,602,
"Marie Antoinette: Princess of Versailles, Austria - France, 1769",Kathryn Lasky,3.88,7947,358,2000,238,
Beholding Bee,Kimberly Newton Fusco,4.02,2370,373,2013,336,
Summer and Bird,Katherine Catmull,3.6,1110,282,2012,346,
The Princess in Black,Shannon Hale,4.06,6090,1266,2014,90,
Dinosaurs Before Dark,Mary Pope Osborne,3.9,27566,2251,1992,80,
Dawn,Erin Hunter,4.33,23827,506,2006,335,
The Last Dragonslayer,Jasper Fforde,3.87,17941,2614,2012,287,
Belly Up,Stuart Gibbs,4.2,6873,784,2010,294,
Dork Diaries Book 2: Tales from a Not-So-Popular Party Girl,Rachel Renée Russell,4.27,34757,1227,2010,288,
Sent,Margaret Peterson Haddix,3.95,15368,1237,2009,320,
School of Fear,Gitty Daneshvari,3.78,7583,748,2009,352,
Henry Huggins,Beverly Cleary,3.99,24936,613,2000,155,
Tunnel of Bones,Victoria Schwab,3.93,14,16,2419,,
The Vanderbeekers and the Hidden Garden,Karina Yan Glaser,4.46,894,215,2018,336,
Anne of Green Gables: A Graphic Novel,Mariah Marsden,4.26,2111,599,2017,232,
Finding Perfect,Elly Swartz,4.34,1048,262,2016,304,
Nimona,Noelle Stevenson,4.18,77183,9164,2015,272,
Frostborn,Lou Anders,3.87,1268,251,2014,352,
Caminar,Skila Brown,3.95,1086,225,2014,208,
Words with Wings,Nikki Grimes,3.98,2629,449,2013,96,
When Audrey Met Alice,Rebecca Behrens,3.83,783,191,2014,304,
I Funny: A Middle School Story,James Patterson,4.14,9987,1398,2012,320,
The Mystery Boxes,Kazu Kibuishi,3.99,5765,480,2012,128,
Island of Silence,Lisa McMann,4.34,9987,708,2012,416,
A Wizard of Earthsea,Ursula K. Le Guin,4.0,198061,7401,2004,183,
Silverwing,Kenneth Oppel,4.05,12002,515,1998,272,
Erak's Ransom,John Flanagan,4.32,45640,1384,2007,441,
The Storm in the Barn,Matt Phelan,3.73,3456,570,2009,208,
Tom's Midnight Garden,Philippa Pearce,4.07,20799,700,1992,240,
Shakespeare's Secret,Elise Broach,3.87,7894,735,2005,256,
The Last of the Really Great Whangdoodles,Julie Andrews Edwards,4.25,11081,1039,1999,209,
The Extremely Inconvenient Adventures of Bronte Mettlestone,Jaclyn Moriarty,4.32,500,112,2017,512,
The World's Greatest Detective,Caroline Carlson,4.11,372,81,2017,368,
The Golden Specific,S.E. Grove,4.12,1642,242,2015,505,
The Return of Zita the Spacegirl,Ben Hatke,4.29,5568,368,2014,240,
"A Journey to the New World: The Diary of Remember Patience Whipple, Mayflower, 1620",Kathryn Lasky,3.63,7482,235,1996,173,
The Kings of Clonmel,John Flanagan,4.29,42727,1133,2010,320,
Briar's Book,Tamora Pierce,4.16,26851,438,2000,258,
Daja's Book,Tamora Pierce,4.08,26126,398,2006,232,
Deep and Dark and Dangerous (A Ghost Story),Mary Downing Hahn,4.22,15491,1864,2007,187,
First Test,Tamora Pierce,4.25,47290,1324,2000,240,
Claudia and the Phantom Phone Calls,Ann M. Martin,3.78,6635,244,1995,153,
The Bridge Home,Padma Venkatraman,4.53,412,137,2019,208,
Nightfall,Shannon Messenger,4.69,4609,525,2017,576,
Bayou Magic,Jewell Parker Rhodes,3.94,649,152,2015,256,
Egg & Spoon,Gregory Maguire,3.63,5285,1025,2014,475,
Twerp,Mark Goldblatt,3.85,3069,573,2013,288,
Sunset,Erin Hunter,4.37,24156,440,2007,303,
A Hero For WondLa,Tony DiTerlizzi,4.25,4383,482,2012,445,
Charlie Joe Jackson's Guide to Not Reading,Tommy Greenwald,3.95,4913,600,2011,224,
Emily Windsnap and the Monster from the Deep,Liz Kessler,3.94,8314,436,2006,219,
Say Cheese and Die!,R.L. Stine,3.74,19044,699,2003,144,
Island of the Aunts,Eva Ibbotson,3.93,7845,368,2001,304,
Sounder,William H. Armstrong,3.96,26453,1060,2002,128,
Queen of the World!,Jennifer L. Holm,3.87,17016,701,2005,96,
The Everafter War,Michael Buckley,4.33,14216,484,2009,306,
Good Masters! Sweet Ladies!: Voices from a Medieval Village,Laura Amy Schlitz,3.64,7506,947,2007,96,
Mandy,Julie Andrews Edwards,4.24,10300,939,2006,320,
Ramona Forever,Beverly Cleary,4.06,29733,434,1996,150,
Eventown,Corey Ann Haydu,4.11,276,90,2019,328,
One for Sorrow,Mary Downing Hahn,3.81,1403,314,2017,304,
Boy: Tales of Childhood,Roald Dahl,4.1,47903,2406,2001,176,
The Stone Heart,Faith Erin Hicks,4.2,1803,320,2017,240,
The Great Shelby Holmes,Elizabeth Eulberg,3.97,762,181,2016,243,
Felix Yz,Lisa Bunker,3.62,732,193,2017,288,
"Lumberjanes, Vol. 3: A Terrible Plan",Noelle Stevenson,4.07,12454,1036,2016,112,
Grayling's Song,Karen Cushman,3.25,694,206,2016,224,
A Dragon's Guide to the Care and Feeding of Humans,Laurence Yep,3.79,1454,289,2015,152,
The Tapper Twins Go to War (with each other),Geoff Rodkey,4.03,1598,261,2015,219,
Why Is This Night Different from All Other Nights?,Lemony Snicket,4.13,3809,441,2015,295,
The Forbidden Stone,Tony Abbott,3.85,2226,343,2014,423,
The Surprise Attack of Jabba the Puppett,Tom Angleberger,4.21,4403,396,2013,214,
Bluffton: My Summers with Buster Keaton,Matt Phelan,3.92,4530,381,2013,240,
Starlight,Erin Hunter,4.3,19106,412,2007,336,
Jefferson's Sons,Kimberly Brubaker Bradley,4.06,5661,929,2011,368,
The Medusa Plot,Gordon Korman,4.08,27416,587,2011,222,
Sammy Keyes and the Hotel Thief,Wendelin Van Draanen,3.97,5358,445,1999,163,
Touch Blue,Cynthia Lord,3.86,7363,578,2010,186,
Keeper,Kathi Appelt,3.73,3022,522,2010,416,
No More Dead Dogs,Gordon Korman,3.71,7617,848,2002,180,
"Voyage on the Great Titanic: The Diary of Margaret Ann Brady, R.M.S. Titanic, 1912",Ellen Emerson White,3.97,8200,537,1998,204,
Anne of Windy Poplars,L.M. Montgomery,4.07,64593,1796,1983,288,
The Saturdays,Elizabeth Enright,4.15,7999,539,2002,177,
Lioness Rampant,Tamora Pierce,4.29,73608,1482,2005,384,
Playing Atari with Saddam Hussein,Jennifer Roy,3.9,498,133,2018,176,
Took: A Ghost Story,Mary Downing Hahn,4.01,4867,850,2015,272,
Sticks & Stones,Abby Cooper,3.97,994,264,2016,288,
The Unmapped Sea,Maryrose Wood,4.23,2258,311,2015,421,
"Jessica Darling's It List: The (Totally Not) Guaranteed Guide to Popularity, Prettiness & Perfection",Megan McCafferty,3.96,1341,229,2013,223,
The Ability,M.M. Vaughan,4.12,1044,156,2013,330,
Hokey Pokey,Jerry Spinelli,3.32,1789,497,2013,304,
The Vengekeep Prophecies,Brian Farrey,4.01,1264,188,2012,397,
Chasing the Prophecy,Brandon Mull,4.36,16279,1150,2013,512,
Anya's Ghost,Vera Brosgol,3.88,54107,4640,2011,224,
Cold Cereal,Adam Rex,3.67,1907,363,2012,432,
The Fourth Stall,Chris Rylander,4.04,4175,628,2011,314,
The Journey,Kathryn Lasky,4.0,11551,450,2003,242,
Big Nate: In a Class by Himself,Lincoln Peirce,4.18,28060,1122,2010,224,
The Cay,Theodore Taylor,3.75,29703,2279,2003,156,
Alcatraz Versus the Knights of Crystallia,Brandon Sanderson,4.1,7800,583,2009,299,
The Green Glass Sea,Ellen Klages,4.03,6098,923,2006,324,
The Supernaturalist,Eoin Colfer,3.85,25889,1117,2005,267,
The Sea of Trolls,Nancy Farmer,4.0,13967,1017,2006,459,
Gone-Away Lake,Elizabeth Enright,4.13,6500,472,2000,256,
The Black Stallion,Walter Farley,4.19,65759,1122,1941,275,
The Third Mushroom,Jennifer L. Holm,4.05,784,199,2018,240,
Lions and Liars,Kate Beasley,3.72,583,131,2018,304,
Slider,Pete Hautman,3.93,1042,221,2017,288,
One Half from the East,Nadia Hashimi,3.96,1384,248,2016,288,
Two Naomis,Olugbemisola Rhuday-Perkovich,3.88,460,109,2016,208,
The Crystal Ribbon,Celeste Lim,3.92,232,77,2017,352,
Rhyme Schemer,K.A. Holt,3.98,1978,399,2014,176,
Courage for Beginners,Karen Harrington,3.97,1799,322,2014,304,
